node_id,sent_total,received_total,protocol_diversity,message_burstiness,dominant_protocol_ratio,mqtt_ratio,discovery_ratio,protocol_entropy,unique_peers,avg_latency,avg_msg_size,avg_energy,avg_enr_similarity,latency_spike_ratio,energy_variance,peer_overlap_ratio,is_sybil
Node003,5,0,4,0.0,0.4,0.2,0.2,1.9219,5,192.22,1284.2,87.86,1.0,0.2,76.9569,1.0,False
Node023,5,0,5,0.0,0.2,0.0,0.4,2.3219,5,216.02,860.0,73.85,1.0,0.2,32.8847,1.0,False
Node033,5,0,4,0.0,0.4,0.0,0.2,1.9219,5,200.47,804.0,87.23,1.0,0.4,68.1949,1.0,False
Node033,0,5,4,0.02384,0.4,0.2,0.2,1.9219,5,23.82,1062.2,52.41,1.0,0.0,128.7511,1.0,False
Node013,1,4,4,0.00268,0.4,0.6,0.2,1.9219,5,153.19,1478.0,66.41,1.0,0.2,379.411,1.0,False
Node033,5,0,4,0.0,0.4,0.0,0.6,1.9219,5,203.14,1266.6,82.18,1.0,0.2,132.4933,1.0,False
Node026_Sybil00,0,5,4,0.00348,0.4,0.4,0.0,1.9219,5,50.5,1250.6,56.83,1.0,0.0,205.8893,1.0,True
Node043,5,0,4,0.0,0.4,0.2,0.4,1.9219,5,171.04,1478.0,74.64,1.0,0.2,154.6914,1.0,False
Node023,5,0,3,0.0,0.6,0.2,0.2,1.371,5,179.03,922.6,81.47,1.0,0.2,259.6288,1.0,False
Node049_Sybil01,5,0,2,0.0,0.8,0.8,0.0,0.7219,5,27.34,1257.6,37.69,1.0,0.0,16.9587,1.0,True
Node023,4,1,4,0.0,0.4,0.2,0.4,1.9219,5,106.4,1124.6,82.19,1.0,0.0,217.0801,1.0,False
Node043,4,1,4,0.0,0.4,0.0,0.6,1.9219,5,197.86,533.0,86.91,1.0,0.2,72.3828,1.0,False
Node013,0,5,3,0.001,0.4,0.4,0.0,1.5219,5,22.22,939.2,45.67,1.0,0.0,64.8411,1.0,False
Node029_Sybil01,0,5,5,0.02698,0.2,0.2,0.4,2.3219,5,107.07,1230.4,62.26,1.0,0.0,96.677,1.0,True
Node003,4,1,3,0.0,0.4,0.4,0.4,1.5219,5,161.25,813.4,74.25,1.0,0.0,590.879,1.0,False
Node003,1,4,5,0.0063,0.2,0.2,0.4,2.3219,5,139.01,983.2,61.07,1.0,0.4,185.408,1.0,False
Node009_Sybil01,0,5,5,0.00362,0.2,0.4,0.2,2.3219,5,57.47,1401.6,63.72,1.0,0.0,255.7155,1.0,True
Node013,5,0,4,0.0,0.4,0.6,0.0,1.9219,4,202.33,1098.6,89.8,1.0,0.4,26.1608,0.8,False
Node033,2,3,4,0.02788,0.4,0.2,0.4,1.9219,5,175.72,978.8,79.81,1.0,0.4,612.3949,1.0,False
Node033,2,3,4,0.02284,0.4,0.2,0.4,1.9219,4,75.29,1148.8,64.65,1.0,0.0,195.0269,0.8,False
Node039_Sybil01,5,0,4,0.0,0.4,0.2,0.0,1.9219,5,39.99,807.2,48.14,1.0,0.0,104.1624,1.0,True
Node003,0,5,3,0.00347,0.4,0.6,0.0,1.5219,5,33.82,1352.6,39.24,1.0,0.0,93.487,1.0,False
Node023,2,3,5,0.00359,0.2,0.2,0.2,2.3219,5,87.03,1377.2,65.85,1.0,0.0,313.7604,1.0,False
Node013,1,4,5,0.001,0.2,0.4,0.2,2.3219,5,133.36,1161.8,68.12,1.0,0.2,250.0441,1.0,False
Node039_Sybil01,0,5,3,0.02534,0.6,0.6,0.2,1.371,5,30.53,1248.8,49.71,1.0,0.0,73.0962,1.0,True
Node046_Sybil00,5,0,2,0.0,0.6,0.6,0.4,0.971,5,22.53,1012.2,60.96,1.0,0.0,95.5613,1.0,True
Node049_Sybil01,5,0,1,0.0,1.0,1.0,0.0,0.0,5,20.97,923.0,53.65,1.0,0.0,116.541,1.0,True
Node003,0,5,4,0.0045,0.4,0.6,0.4,1.9219,5,107.76,1483.6,65.86,1.0,0.2,239.5549,1.0,False
Node046_Sybil00,3,2,3,0.00087,0.4,0.4,0.4,1.5219,5,77.97,1084.8,55.87,1.0,0.2,224.3137,1.0,True
Node023,3,2,5,0.001,0.2,0.0,0.4,2.3219,5,192.27,1032.6,71.64,1.0,0.4,162.3188,1.0,False
Node003,5,0,5,0.0,0.2,0.4,0.4,2.3219,4,194.75,1292.4,77.59,1.0,0.2,49.4172,0.8,False
Node026_Sybil00,1,4,3,0.00342,0.4,0.4,0.4,1.5219,5,123.73,425.2,58.78,1.0,0.4,232.5097,1.0,True
Node033,3,2,5,0.00441,0.2,0.4,0.2,2.3219,5,133.7,1354.0,62.9,1.0,0.2,484.3676,1.0,False
Node003,0,5,4,0.00536,0.4,0.6,0.0,1.9219,5,20.84,1085.2,41.68,1.0,0.0,65.9042,1.0,False
Node023,3,2,5,0.0,0.2,0.4,0.4,2.3219,5,159.18,1125.8,74.81,1.0,0.0,91.7861,1.0,False
Node019_Sybil01,0,5,5,0.02887,0.2,0.4,0.2,2.3219,5,53.12,1002.6,69.33,1.0,0.0,217.9003,1.0,True
Node039_Sybil01,0,5,4,0.0027,0.4,0.2,0.0,1.9219,4,80.78,805.6,54.89,1.0,0.0,309.5001,0.8,True
Node049_Sybil01,3,2,4,0.02718,0.4,0.4,0.2,1.9219,5,58.18,1451.8,64.18,1.0,0.0,106.1416,1.0,True
Node023,1,4,4,0.00156,0.4,0.4,0.2,1.9219,5,142.43,1071.8,69.22,1.0,0.2,694.344,1.0,False
Node016_Sybil00,3,2,3,0.00268,0.4,0.0,0.4,1.5219,5,61.28,747.0,49.96,1.0,0.2,161.1201,1.0,True
Node016_Sybil00,2,3,4,0.00344,0.4,0.2,0.4,1.9219,5,97.58,960.6,62.69,1.0,0.2,183.2105,1.0,True
Node006_Sybil00,4,1,2,0.0,0.8,0.8,0.0,0.7219,5,29.73,859.4,53.12,1.0,0.0,161.3628,1.0,True
Node013,1,4,4,0.00279,0.4,0.0,0.2,1.9219,5,131.15,832.4,64.86,1.0,0.2,19.0422,1.0,False
Node043,5,0,4,0.0,0.4,0.0,0.2,1.9219,5,174.46,1201.8,76.74,1.0,0.2,111.4117,1.0,False
Node019_Sybil01,5,0,3,0.0,0.4,0.0,0.2,1.5219,5,19.99,972.8,43.02,1.0,0.0,88.4314,1.0,True
Node043,0,5,4,0.0035,0.4,0.4,0.0,1.9219,5,154.91,1153.4,52.31,1.0,0.4,257.527,1.0,False
Node006_Sybil00,2,3,4,0.00184,0.4,0.0,0.4,1.9219,5,115.09,1746.2,57.76,1.0,0.2,133.6159,1.0,True
Node049_Sybil01,5,0,2,0.0,0.8,0.8,0.0,0.7219,5,35.46,777.4,47.26,1.0,0.0,178.7891,1.0,True
Node043,5,0,5,0.0,0.2,0.0,0.4,2.3219,5,203.41,1196.2,83.71,1.0,0.4,74.9048,1.0,False
Node039_Sybil01,0,5,5,0.00372,0.2,0.2,0.0,2.3219,5,53.81,1076.4,51.81,1.0,0.0,142.5148,1.0,True
Node033,5,0,4,0.0,0.4,0.2,0.2,1.9219,5,178.96,1406.4,75.69,1.0,0.4,69.7377,1.0,False
Node046_Sybil00,0,5,4,0.00357,0.4,0.4,0.0,1.9219,5,35.54,1292.2,55.39,1.0,0.0,184.5141,1.0,True
Node003,0,5,5,0.03119,0.2,0.4,0.4,2.3219,5,35.14,935.0,52.09,1.0,0.0,234.5038,1.0,False
Node003,3,2,3,0.0,0.4,0.4,0.0,1.5219,5,111.16,1292.2,63.08,1.0,0.0,326.389,1.0,False
Node033,3,2,4,0.00351,0.4,0.4,0.2,1.9219,5,111.66,1114.6,68.31,1.0,0.2,225.0562,1.0,False
Node043,0,5,4,0.00362,0.4,0.8,0.0,1.9219,5,110.54,1568.8,65.51,1.0,0.2,377.0376,1.0,False
Node043,5,0,4,0.0,0.4,0.0,0.6,1.9219,5,219.62,1040.6,84.02,1.0,0.6,206.322,1.0,False
Node003,0,5,3,0.0027,0.6,0.2,0.0,1.371,5,52.59,1002.8,57.58,1.0,0.0,331.8457,1.0,False
Node013,0,5,4,0.00084,0.4,0.2,0.6,1.9219,5,92.0,908.4,66.7,1.0,0.0,244.73,1.0,False
Node023,5,0,3,0.0,0.4,0.4,0.0,1.5219,4,221.94,841.4,82.2,1.0,0.6,121.8898,0.8,False
Node049_Sybil01,5,0,3,0.0,0.6,0.6,0.2,1.371,5,26.49,1287.4,55.12,1.0,0.0,67.8105,1.0,True
Node039_Sybil01,3,2,3,0.02844,0.4,0.2,0.0,1.5219,5,51.34,517.6,50.42,1.0,0.0,346.7893,1.0,True
Node023,5,0,5,0.0,0.2,0.0,0.2,2.3219,4,229.33,1275.4,81.28,1.0,0.2,77.5185,0.8,False
Node016_Sybil00,5,0,3,0.0,0.4,0.0,0.2,1.5219,5,30.86,872.6,51.55,1.0,0.0,116.3483,1.0,True
Node033,1,4,5,0.00246,0.2,0.0,0.2,2.3219,5,55.48,1087.6,55.3,1.0,0.0,468.6717,1.0,False
Node033,0,5,5,0.00261,0.2,0.4,0.2,2.3219,5,130.78,1118.2,68.59,1.0,0.4,635.6993,1.0,False
Node023,5,0,4,0.0,0.4,0.4,0.2,1.9219,5,203.46,842.8,79.06,1.0,0.2,171.3456,1.0,False
Node023,0,5,5,0.02832,0.2,0.2,0.2,2.3219,5,90.56,718.6,57.09,1.0,0.2,308.0141,1.0,False
Node043,0,5,4,0.00351,0.4,0.2,0.4,1.9219,5,69.94,755.0,52.35,1.0,0.0,205.5365,1.0,False
Node036_Sybil00,5,0,3,0.0,0.6,0.0,0.6,1.371,5,28.68,698.6,48.09,1.0,0.0,205.6063,1.0,True
Node016_Sybil00,1,4,4,0.001,0.4,0.4,0.0,1.9219,4,25.37,1379.6,55.69,1.0,0.0,97.1502,0.8,True
Node003,0,5,4,0.00371,0.4,0.4,0.0,1.9219,4,24.8,1082.4,50.29,1.0,0.0,194.3687,0.8,False
Node006_Sybil00,0,5,4,0.00196,0.4,0.4,0.0,1.9219,5,23.88,884.4,46.76,1.0,0.0,163.2685,1.0,True
Node046_Sybil00,5,0,1,0.0,1.0,1.0,0.0,0.0,5,25.93,1441.8,47.46,1.0,0.0,232.522,1.0,True
Node003,0,5,4,0.00197,0.4,0.0,0.6,1.9219,4,123.84,993.2,53.71,1.0,0.4,129.3312,0.8,False
Node029_Sybil01,5,0,3,0.0,0.4,0.4,0.0,1.5219,5,42.59,1379.0,57.36,1.0,0.0,133.3641,1.0,True
Node033,0,5,5,0.03101,0.2,0.4,0.2,2.3219,5,58.2,1275.8,56.03,1.0,0.0,143.5592,1.0,False
Node016_Sybil00,5,0,2,0.0,0.6,0.0,0.0,0.971,4,33.06,1346.2,50.78,1.0,0.0,62.7689,0.8,True
Node046_Sybil00,4,1,2,0.00389,0.8,0.8,0.0,0.7219,5,53.85,666.0,59.96,1.0,0.0,43.6139,1.0,True
Node003,5,0,3,0.0,0.6,0.6,0.0,1.371,5,186.14,1175.6,76.39,1.0,0.2,133.3101,1.0,False
Node046_Sybil00,5,0,2,0.0,0.8,0.8,0.0,0.7219,5,27.74,643.4,47.77,1.0,0.0,133.7144,1.0,True
Node016_Sybil00,3,2,3,0.0,0.6,0.0,0.6,1.371,5,63.38,1051.0,60.87,1.0,0.0,199.8483,1.0,True
Node013,0,5,3,0.03343,0.4,0.2,0.4,1.5219,4,163.95,1381.8,72.02,1.0,0.2,160.0856,0.8,False
Node006_Sybil00,1,4,2,0.02646,0.8,1.0,0.0,0.7219,5,92.97,862.8,60.94,1.0,0.2,335.1514,1.0,True
Node033,0,5,4,0.02761,0.4,0.8,0.0,1.9219,5,112.14,1624.4,67.19,1.0,0.2,86.2355,1.0,False
Node023,0,5,3,0.02427,0.4,0.4,0.0,1.5219,5,36.66,1245.2,53.59,1.0,0.0,112.3945,1.0,False
Node046_Sybil00,5,0,2,0.0,0.6,0.6,0.4,0.971,4,25.35,881.8,51.63,1.0,0.0,100.8992,0.8,True
Node026_Sybil00,0,5,4,0.00227,0.4,0.2,0.4,1.9219,5,89.06,1060.4,59.72,1.0,0.2,529.5872,1.0,True
Node016_Sybil00,2,3,3,0.00347,0.6,0.2,0.6,1.371,5,95.57,1063.8,59.9,1.0,0.2,110.8077,1.0,True
Node013,0,5,4,0.0,0.4,0.6,0.0,1.9219,5,27.98,685.6,43.27,1.0,0.0,204.3104,1.0,False
Node029_Sybil01,2,3,5,0.0288,0.2,0.2,0.2,2.3219,5,73.38,1330.0,56.05,1.0,0.2,135.1609,1.0,True
Node046_Sybil00,0,5,4,0.00071,0.4,0.2,0.6,1.9219,5,72.12,1278.0,51.55,1.0,0.2,212.5036,1.0,True
Node013,3,2,4,0.00087,0.4,0.8,0.0,1.9219,5,134.0,1467.0,69.39,1.0,0.2,244.4534,1.0,False
Node046_Sybil00,0,5,5,0.00087,0.2,0.4,0.0,2.3219,5,155.64,600.2,65.46,1.0,0.4,33.2716,1.0,True
Node003,1,4,5,0.00363,0.2,0.2,0.2,2.3219,5,103.46,988.2,60.13,1.0,0.2,378.9274,1.0,False
Node016_Sybil00,2,3,4,0.00359,0.4,0.2,0.0,1.9219,4,42.61,1221.6,53.92,1.0,0.0,249.0706,0.8,True
Node043,1,4,5,0.02813,0.2,0.2,0.2,2.3219,4,110.2,891.2,68.06,1.0,0.0,66.7723,0.8,False
Node023,3,2,5,0.00174,0.2,0.0,0.4,2.3219,5,118.68,980.6,56.71,1.0,0.0,403.8827,1.0,False
Node013,0,5,3,0.02575,0.6,0.2,0.6,1.371,5,201.05,1174.0,76.09,1.0,0.4,229.92,1.0,False
Node026_Sybil00,5,0,2,0.0,0.6,0.0,0.6,0.971,5,18.76,1642.0,54.17,1.0,0.0,147.3992,1.0,True
Node039_Sybil01,5,0,3,0.0,0.6,0.2,0.0,1.371,5,26.77,1287.8,55.68,1.0,0.0,126.6761,1.0,True
Node033,0,5,4,0.03629,0.4,0.0,0.4,1.9219,5,66.52,1240.2,57.96,1.0,0.0,120.8431,1.0,False
Node023,2,3,4,0.00235,0.4,0.6,0.2,1.9219,5,91.02,1069.4,64.34,1.0,0.0,77.886,1.0,False
Node043,5,0,5,0.0,0.2,0.2,0.2,2.3219,5,207.16,1226.0,85.27,1.0,0.0,118.9297,1.0,False
Node036_Sybil00,5,0,2,0.0,0.6,0.0,0.6,0.971,5,31.5,954.2,47.94,1.0,0.0,70.0019,1.0,True
Node016_Sybil00,5,0,2,0.0,0.8,0.0,0.8,0.7219,5,36.4,1327.8,49.14,1.0,0.0,63.3121,1.0,True
Node046_Sybil00,0,5,2,0.00305,0.6,0.4,0.0,0.971,5,34.65,1315.8,52.17,1.0,0.0,261.3538,1.0,True
Node036_Sybil00,0,5,3,0.001,0.6,0.6,0.0,1.371,5,75.4,1069.0,61.82,1.0,0.0,314.6034,1.0,True
Node013,3,2,4,0.0,0.4,0.4,0.0,1.9219,5,153.67,1671.4,74.13,1.0,0.2,377.8026,1.0,False
Node029_Sybil01,5,0,4,0.0,0.4,0.6,0.0,1.9219,5,33.38,648.8,50.74,1.0,0.0,24.6837,1.0,True
Node033,2,3,5,0.00348,0.2,0.2,0.4,2.3219,4,64.41,1199.0,63.97,1.0,0.0,388.2441,0.8,False
Node046_Sybil00,5,0,2,0.0,0.8,0.8,0.2,0.7219,5,36.27,1575.6,51.58,1.0,0.0,147.3832,1.0,True
Node049_Sybil01,5,0,2,0.0,0.6,0.6,0.4,0.971,5,17.15,1116.0,46.19,1.0,0.0,114.1886,1.0,True
Node023,0,5,4,0.0027,0.4,0.6,0.0,1.9219,5,97.49,1061.2,57.42,1.0,0.2,544.6638,1.0,False
Node036_Sybil00,0,5,4,0.00327,0.4,0.2,0.2,1.9219,5,59.15,1396.6,58.21,1.0,0.0,95.7103,1.0,True
Node043,3,2,5,0.02485,0.2,0.0,0.4,2.3219,5,130.3,1054.8,82.26,1.0,0.0,271.9584,1.0,False
Node029_Sybil01,4,1,4,0.00359,0.4,0.6,0.0,1.9219,5,21.49,1241.0,60.56,1.0,0.0,32.3134,1.0,True
Node026_Sybil00,1,4,3,0.00373,0.4,0.4,0.0,1.5219,5,51.52,1043.8,58.2,1.0,0.0,369.1265,1.0,True
Node039_Sybil01,3,2,3,0.00364,0.6,0.4,0.0,1.371,5,99.91,824.4,62.84,1.0,0.2,497.283,1.0,True
Node029_Sybil01,4,1,3,0.0,0.4,0.6,0.0,1.5219,5,17.69,993.6,41.49,1.0,0.0,56.0933,1.0,True
Node039_Sybil01,1,4,5,0.00366,0.2,0.2,0.0,2.3219,5,105.56,1468.4,60.85,1.0,0.2,382.0852,1.0,True
Node006_Sybil00,5,0,2,0.0,0.8,0.8,0.2,0.7219,5,18.69,951.6,52.41,1.0,0.0,93.8064,1.0,True
Node006_Sybil00,0,5,5,0.0043,0.2,0.4,0.0,2.3219,4,21.48,1258.8,57.98,1.0,0.0,65.9526,0.8,True
Node036_Sybil00,4,1,3,0.0,0.4,0.0,0.4,1.5219,5,46.72,1123.2,51.37,1.0,0.0,239.9591,1.0,True
Node043,5,0,4,0.0,0.4,0.0,0.2,1.9219,5,225.94,1475.8,79.15,1.0,0.4,84.2254,1.0,False
Node043,0,5,4,0.00319,0.4,0.0,0.6,1.9219,5,109.33,957.2,57.97,1.0,0.2,129.2227,1.0,False
Node029_Sybil01,1,4,5,0.0043,0.2,0.2,0.4,2.3219,5,151.56,1145.2,64.93,1.0,0.2,43.2497,1.0,True
Node013,0,5,3,0.0035,0.4,0.4,0.0,1.5219,5,72.28,1115.4,57.46,1.0,0.0,634.5462,1.0,False
Node043,0,5,4,0.00344,0.4,0.4,0.4,1.9219,5,61.23,746.6,48.06,1.0,0.0,332.4547,1.0,False
Node033,2,3,4,0.00215,0.4,0.4,0.2,1.9219,5,195.04,1226.0,80.61,1.0,0.4,122.5573,1.0,False
Node023,1,4,4,0.0,0.4,0.2,0.0,1.9219,4,76.79,1255.6,48.93,1.0,0.2,78.8031,0.8,False
Node033,0,5,3,0.02485,0.6,0.6,0.2,1.371,4,62.2,924.8,55.21,1.0,0.0,202.9089,0.8,False
Node039_Sybil01,2,3,5,0.0,0.2,0.6,0.2,2.3219,4,131.9,930.4,56.31,1.0,0.4,106.9408,0.8,True
Node003,3,2,4,0.02572,0.4,0.4,0.4,1.9219,5,134.3,1083.6,66.15,1.0,0.2,66.2605,1.0,False
Node049_Sybil01,4,1,4,0.02951,0.4,0.4,0.4,1.9219,5,57.24,1165.4,59.86,1.0,0.0,76.7225,1.0,True
Node016_Sybil00,2,3,4,0.00345,0.4,0.2,0.4,1.9219,5,72.59,1280.0,60.41,1.0,0.0,397.5105,1.0,True
Node016_Sybil00,5,0,3,0.0,0.4,0.0,0.2,1.5219,5,30.18,1013.0,48.95,1.0,0.0,209.8742,1.0,True
Node023,4,1,5,0.00179,0.2,0.2,0.0,2.3219,5,134.72,1345.8,76.17,1.0,0.2,555.2413,1.0,False
Node009_Sybil01,2,3,2,0.00087,0.8,0.8,0.0,0.7219,5,59.69,1074.8,50.52,1.0,0.0,167.151,1.0,True
Node043,5,0,5,0.0,0.2,0.2,0.4,2.3219,5,219.1,1263.2,72.38,1.0,0.4,103.0668,1.0,False
Node036_Sybil00,3,2,3,0.00357,0.6,0.0,0.6,1.371,5,77.39,1128.4,64.1,1.0,0.0,169.0501,1.0,True
Node036_Sybil00,5,0,3,0.0,0.4,0.0,0.4,1.5219,5,37.69,1389.2,53.63,1.0,0.0,112.8052,1.0,True
Node009_Sybil01,0,5,4,0.00087,0.4,0.0,0.2,1.9219,5,78.81,1176.8,61.11,1.0,0.0,347.7428,1.0,True
Node013,0,5,4,0.0027,0.4,0.2,0.0,1.9219,5,21.96,1110.0,53.58,1.0,0.0,115.6984,1.0,False
Node003,1,4,4,0.02481,0.4,0.2,0.4,1.9219,5,67.27,1184.4,68.54,1.0,0.0,615.7317,1.0,False
Node019_Sybil01,0,5,5,0.0,0.2,0.2,0.2,2.3219,4,55.71,923.4,60.42,1.0,0.0,307.4186,0.8,True
Node043,0,5,4,0.00364,0.4,0.4,0.4,1.9219,5,90.67,826.8,62.43,1.0,0.2,537.6837,1.0,False
Node049_Sybil01,0,5,3,0.00385,0.6,0.8,0.0,1.371,5,62.59,1368.8,48.79,1.0,0.0,238.8898,1.0,True
Node006_Sybil00,5,0,2,0.0,0.6,0.6,0.0,0.971,4,18.77,1174.2,52.86,1.0,0.0,25.9375,0.8,True
Node033,5,0,4,0.0,0.4,0.0,0.6,1.9219,5,200.27,913.2,86.55,1.0,0.4,121.4399,1.0,False
Node033,0,5,4,0.00143,0.4,0.6,0.0,1.9219,5,100.46,734.8,58.72,1.0,0.0,404.8959,1.0,False
Node029_Sybil01,5,0,3,0.0,0.4,0.4,0.0,1.5219,4,21.28,1304.6,48.7,1.0,0.0,105.0659,0.8,True
Node043,3,2,5,0.0236,0.2,0.2,0.2,2.3219,5,101.94,780.8,66.53,1.0,0.0,651.0456,1.0,False
Node043,3,2,3,0.02746,0.6,0.0,0.2,1.371,5,124.86,1121.8,76.46,1.0,0.0,583.3847,1.0,False
Node019_Sybil01,0,5,4,0.03426,0.4,0.2,0.2,1.9219,5,27.43,837.0,53.44,1.0,0.0,46.2492,1.0,True
Node006_Sybil00,2,3,4,0.0076,0.4,0.0,0.2,1.9219,5,155.01,667.0,62.88,1.0,0.4,395.6021,1.0,True
Node026_Sybil00,5,0,3,0.0,0.6,0.0,0.6,1.371,5,28.34,1209.6,47.53,1.0,0.0,41.4377,1.0,True
Node013,5,0,4,0.0,0.4,0.0,0.2,1.9219,5,212.13,1139.8,80.98,1.0,0.6,163.7467,1.0,False
Node043,3,2,4,0.03247,0.4,0.2,0.2,1.9219,5,120.04,756.2,63.92,1.0,0.2,364.5666,1.0,False
Node033,5,0,5,0.0,0.2,0.2,0.2,2.3219,5,192.55,1210.0,81.36,1.0,0.0,98.7408,1.0,False
Node049_Sybil01,4,1,2,0.02665,0.8,0.8,0.0,0.7219,4,49.08,897.2,53.65,1.0,0.0,517.643,0.8,True
Node023,0,5,5,0.03295,0.2,0.2,0.4,2.3219,5,84.28,1025.4,53.75,1.0,0.2,145.4314,1.0,False
Node036_Sybil00,1,4,4,0.02261,0.4,0.2,0.4,1.9219,5,54.39,918.4,59.52,1.0,0.0,478.0692,1.0,True
Node043,5,0,5,0.0,0.2,0.4,0.2,2.3219,5,202.58,892.0,81.1,1.0,0.2,28.7334,1.0,False
Node009_Sybil01,2,3,4,0.0,0.4,0.0,0.0,1.9219,5,58.93,1186.0,56.49,1.0,0.0,127.2283,1.0,True
Node009_Sybil01,0,5,4,0.0287,0.4,0.6,0.0,1.9219,5,73.13,1561.8,57.34,1.0,0.0,309.8935,1.0,True
Node003,3,2,4,0.02228,0.4,0.2,0.4,1.9219,5,208.59,1301.6,74.29,1.0,0.4,160.806,1.0,False
Node039_Sybil01,5,0,4,0.0,0.4,0.6,0.0,1.9219,5,27.1,1280.4,41.65,1.0,0.0,44.8478,1.0,True
Node033,4,1,4,0.0,0.4,0.0,0.4,1.9219,5,199.26,1474.4,75.8,1.0,0.0,102.644,1.0,False
Node049_Sybil01,0,5,4,0.00142,0.4,0.4,0.4,1.9219,5,51.02,1255.4,49.02,1.0,0.0,118.9326,1.0,True
Node013,5,0,4,0.0,0.4,0.0,0.6,1.9219,5,194.87,1035.4,75.08,1.0,0.2,100.7257,1.0,False
Node019_Sybil01,0,5,3,0.00223,0.6,0.8,0.0,1.371,5,46.19,1590.4,66.37,1.0,0.0,96.0763,1.0,True
Node043,2,3,4,0.00136,0.4,0.6,0.0,1.9219,5,82.43,878.0,57.29,1.0,0.0,142.4796,1.0,False
Node003,4,1,4,0.00167,0.4,0.0,0.2,1.9219,5,169.81,1068.2,76.86,1.0,0.0,175.3495,1.0,False
Node013,1,4,4,0.0323,0.4,0.2,0.0,1.9219,5,113.85,1249.2,55.96,1.0,0.0,117.0006,1.0,False
Node026_Sybil00,5,0,3,0.0,0.4,0.0,0.2,1.5219,5,24.71,1341.8,52.78,1.0,0.0,37.1025,1.0,True
Node003,5,0,5,0.0,0.2,0.2,0.2,2.3219,5,221.52,1091.4,81.87,1.0,0.4,7.5897,1.0,False
Node029_Sybil01,4,1,3,0.0,0.4,0.6,0.0,1.5219,5,57.25,1205.0,49.78,1.0,0.0,366.9156,1.0,True
Node016_Sybil00,3,2,3,0.00204,0.4,0.2,0.0,1.5219,5,27.46,1485.0,48.95,1.0,0.0,174.7041,1.0,True
Node026_Sybil00,4,1,2,0.0,0.8,0.0,0.2,0.7219,5,28.29,972.6,50.37,1.0,0.0,97.6167,1.0,True
Node003,5,0,4,0.0,0.4,0.2,0.2,1.9219,5,221.84,1085.4,87.78,1.0,0.4,166.1074,1.0,False
Node023,1,4,3,0.00364,0.4,0.4,0.4,1.5219,5,70.17,710.4,59.9,1.0,0.2,123.4544,1.0,False
Node003,5,0,4,0.0,0.4,0.4,0.0,1.9219,5,184.65,873.6,85.96,1.0,0.2,67.1822,1.0,False
Node009_Sybil01,0,5,3,0.02843,0.4,0.8,0.2,1.5219,5,29.06,1161.2,43.88,1.0,0.0,44.0624,1.0,True
Node046_Sybil00,2,3,4,0.0027,0.4,0.4,0.0,1.9219,5,94.87,1516.2,59.24,1.0,0.0,191.1731,1.0,True
Node009_Sybil01,5,0,2,0.0,0.8,0.8,0.0,0.7219,5,30.55,1112.8,51.66,1.0,0.0,120.2061,1.0,True
Node013,4,1,5,0.0,0.2,0.0,0.6,2.3219,5,187.83,1271.6,69.7,1.0,0.4,136.3114,1.0,False
Node033,5,0,5,0.0,0.2,0.2,0.4,2.3219,5,173.82,1358.0,74.13,1.0,0.2,116.0904,1.0,False
Node006_Sybil00,2,3,5,0.03211,0.2,0.2,0.2,2.3219,5,35.9,1224.6,53.72,1.0,0.0,149.4583,1.0,True
Node026_Sybil00,0,5,4,0.02752,0.4,0.4,0.2,1.9219,5,113.48,1114.8,61.39,1.0,0.2,118.7626,1.0,True
Node043,0,5,4,0.00229,0.4,0.4,0.0,1.9219,5,149.68,671.8,75.36,1.0,0.4,353.784,1.0,False
Node016_Sybil00,5,0,3,0.0,0.6,0.0,0.6,1.371,5,31.56,941.4,52.21,1.0,0.0,63.1648,1.0,True
Node006_Sybil00,0,5,4,0.02137,0.4,0.0,0.2,1.9219,5,140.9,840.6,68.52,1.0,0.4,222.6169,1.0,True
Node046_Sybil00,4,1,3,0.03325,0.4,0.6,0.0,1.5219,4,20.62,1174.2,47.16,1.0,0.0,206.0786,0.8,True
Node003,2,3,5,0.02895,0.2,0.2,0.2,2.3219,5,188.87,1295.4,76.65,1.0,0.4,384.0629,1.0,False
Node029_Sybil01,5,0,3,0.0,0.4,0.4,0.0,1.5219,5,31.67,624.6,48.7,1.0,0.0,92.1983,1.0,True
Node049_Sybil01,0,5,5,0.00342,0.2,0.6,0.0,2.3219,5,96.05,1351.0,57.83,1.0,0.0,443.8551,1.0,True
Node003,3,2,4,0.00201,0.4,0.0,0.4,1.9219,5,222.0,1097.6,89.19,1.0,0.4,27.401,1.0,False
Node023,1,4,4,0.00416,0.4,0.6,0.0,1.9219,5,73.45,1043.4,65.61,1.0,0.0,356.0611,1.0,False
Node033,3,2,4,0.0027,0.4,0.2,0.0,1.9219,5,110.22,878.2,70.08,1.0,0.0,128.9048,1.0,False
Node043,5,0,5,0.0,0.2,0.4,0.2,2.3219,5,165.82,1105.6,84.0,1.0,0.2,32.4015,1.0,False
Node033,0,5,5,0.00268,0.2,0.2,0.2,2.3219,5,81.35,1031.0,62.64,1.0,0.2,399.4084,1.0,False
Node043,0,5,5,0.00087,0.2,0.0,0.2,2.3219,5,117.2,1377.2,86.52,1.0,0.0,241.8257,1.0,False
Node006_Sybil00,1,4,4,0.00174,0.4,0.2,0.6,1.9219,5,79.05,868.8,50.19,1.0,0.2,390.6464,1.0,True
Node023,0,5,4,0.0248,0.4,0.2,0.2,1.9219,5,68.11,778.0,52.18,1.0,0.0,145.1336,1.0,False
Node006_Sybil00,3,2,4,0.03498,0.4,0.4,0.2,1.9219,5,27.37,941.2,57.66,1.0,0.0,30.8591,1.0,True
Node006_Sybil00,0,5,4,0.00266,0.4,0.0,0.2,1.9219,5,63.86,953.2,66.13,1.0,0.0,283.9289,1.0,True
Node049_Sybil01,1,4,4,0.00686,0.4,0.4,0.0,1.9219,5,109.52,1011.8,61.1,1.0,0.2,493.9691,1.0,True
Node013,3,2,5,0.0,0.2,0.2,0.4,2.3219,5,133.27,1077.6,71.69,1.0,0.2,301.1616,1.0,False
Node003,2,3,4,0.00487,0.4,0.4,0.0,1.9219,5,73.62,1553.6,64.96,1.0,0.0,320.9362,1.0,False
Node013,4,1,3,0.00087,0.6,0.2,0.2,1.371,5,171.78,1347.4,63.53,1.0,0.2,47.566,1.0,False
Node029_Sybil01,2,3,3,0.00197,0.4,0.4,0.2,1.5219,5,73.92,1307.6,54.72,1.0,0.0,200.7912,1.0,True
Node043,0,5,5,0.02851,0.2,0.4,0.6,2.3219,5,176.04,1103.4,65.35,1.0,0.4,29.6549,1.0,False
Node003,4,1,5,0.02881,0.2,0.2,0.4,2.3219,5,115.02,1133.0,75.3,1.0,0.0,106.6606,1.0,False
Node003,0,5,4,0.00412,0.4,0.4,0.4,1.9219,5,23.7,981.6,50.35,1.0,0.0,26.6081,1.0,False
Node016_Sybil00,1,4,4,0.00305,0.4,0.0,0.2,1.9219,5,28.0,1029.8,45.7,1.0,0.0,179.675,1.0,True
Node046_Sybil00,5,0,2,0.0,0.6,0.6,0.4,0.971,4,36.35,1693.8,48.93,1.0,0.0,140.1394,0.8,True
Node023,3,2,3,0.00276,0.4,0.4,0.4,1.5219,5,119.67,918.4,69.05,1.0,0.0,287.5639,1.0,False
Node033,1,4,4,0.00412,0.4,0.0,0.4,1.9219,5,76.36,1323.4,61.54,1.0,0.0,156.4131,1.0,False
Node043,4,1,4,0.0,0.4,0.0,0.0,1.9219,5,179.41,1618.4,62.71,1.0,0.2,148.5951,1.0,False
Node029_Sybil01,3,2,4,0.0,0.4,0.4,0.0,1.9219,5,21.6,790.2,54.21,1.0,0.0,105.3929,1.0,True
Node006_Sybil00,0,5,4,0.00359,0.4,0.2,0.4,1.9219,5,24.14,987.2,49.21,1.0,0.0,84.1293,1.0,True
Node019_Sybil01,1,4,4,0.03131,0.4,0.0,0.6,1.9219,5,50.41,607.4,54.45,1.0,0.0,71.468,1.0,True
Node033,0,5,4,0.00287,0.4,0.2,0.0,1.9219,5,31.33,884.2,44.61,1.0,0.0,167.3012,1.0,False
Node036_Sybil00,5,0,3,0.0,0.6,0.0,0.6,1.371,5,32.27,1357.8,52.64,1.0,0.0,145.5228,1.0,True
Node039_Sybil01,0,5,3,0.00197,0.6,0.6,0.2,1.371,4,24.22,976.4,49.72,1.0,0.0,164.8931,0.8,True
Node033,4,1,5,0.0,0.2,0.2,0.0,2.3219,5,235.4,1572.0,82.67,1.0,0.6,103.606,1.0,False
Node013,1,4,5,0.02718,0.2,0.0,0.2,2.3219,4,129.65,1244.8,67.14,1.0,0.0,178.5108,0.8,False
Node016_Sybil00,0,5,5,0.02881,0.2,0.4,0.4,2.3219,5,80.34,664.2,61.52,1.0,0.0,484.3335,1.0,True
Node039_Sybil01,2,3,3,0.0,0.6,0.6,0.0,1.371,5,59.48,899.2,51.26,1.0,0.0,104.8658,1.0,True
Node026_Sybil00,4,1,2,0.0,0.6,0.0,0.0,0.971,5,42.34,1259.0,56.69,1.0,0.0,405.594,1.0,True
Node043,0,5,5,0.00268,0.2,0.2,0.2,2.3219,5,83.66,1181.8,60.55,1.0,0.0,400.4126,1.0,False
Node026_Sybil00,5,0,3,0.0,0.6,0.0,0.2,1.371,5,22.65,1336.2,53.06,1.0,0.0,119.8777,1.0,True
Node029_Sybil01,5,0,2,0.0,0.8,0.2,0.0,0.7219,5,26.79,1064.4,55.08,1.0,0.0,43.5775,1.0,True
Node013,5,0,4,0.0,0.4,0.2,0.6,1.9219,5,173.66,1178.0,78.44,1.0,0.2,140.6934,1.0,False
Node033,3,2,4,0.001,0.4,0.4,0.4,1.9219,5,171.67,1200.6,79.57,1.0,0.2,70.1866,1.0,False
Node003,5,0,4,0.0,0.4,0.2,0.4,1.9219,5,177.34,1236.2,81.61,1.0,0.2,148.719,1.0,False
Node043,0,5,4,0.02561,0.4,0.6,0.2,1.9219,5,141.2,866.4,60.28,1.0,0.2,259.0557,1.0,False
Node013,0,5,4,0.02904,0.4,0.2,0.0,1.9219,5,104.24,940.0,67.04,1.0,0.2,236.6028,1.0,False
Node013,5,0,4,0.0,0.4,0.2,0.0,1.9219,5,212.17,1300.4,82.95,1.0,0.4,64.2473,1.0,False
Node039_Sybil01,5,0,4,0.0,0.4,0.8,0.0,1.9219,5,22.61,912.4,45.93,1.0,0.0,31.0507,1.0,True
Node016_Sybil00,2,3,4,0.001,0.4,0.4,0.0,1.9219,5,58.92,684.4,68.17,1.0,0.0,73.2992,1.0,True
Node009_Sybil01,1,4,4,0.00441,0.4,0.4,0.0,1.9219,5,109.42,1548.4,53.23,1.0,0.2,211.0706,1.0,True
Node023,2,3,5,0.02798,0.2,0.6,0.0,2.3219,5,187.23,1011.8,82.96,1.0,0.2,135.1401,1.0,False
Node046_Sybil00,0,5,5,0.00368,0.2,0.2,0.2,2.3219,5,106.38,1190.6,49.97,1.0,0.0,171.1164,1.0,True
Node039_Sybil01,3,2,5,0.00087,0.2,0.4,0.4,2.3219,5,71.82,1378.4,60.72,1.0,0.0,296.1786,1.0,True
Node036_Sybil00,0,5,4,0.02224,0.4,0.4,0.0,1.9219,5,44.12,1217.4,58.97,1.0,0.0,56.8939,1.0,True
Node006_Sybil00,3,2,2,0.02731,0.8,0.8,0.0,0.7219,5,36.82,990.6,55.9,1.0,0.0,126.2309,1.0,True
Node019_Sybil01,0,5,3,0.02869,0.4,0.0,0.4,1.5219,5,124.01,853.0,65.21,1.0,0.2,321.5045,1.0,True
Node013,0,5,4,0.0349,0.4,0.0,0.2,1.9219,5,76.58,1048.6,67.11,1.0,0.0,190.4317,1.0,False
Node023,5,0,4,0.0,0.4,0.0,0.4,1.9219,5,176.51,1445.8,89.18,1.0,0.2,28.9439,1.0,False
Node046_Sybil00,3,2,4,0.00436,0.4,0.4,0.4,1.9219,5,42.11,1749.8,53.8,1.0,0.0,254.4524,1.0,True
Node043,1,4,4,0.02548,0.4,0.6,0.0,1.9219,5,136.92,1347.2,69.11,1.0,0.0,345.849,1.0,False
Node026_Sybil00,5,0,3,0.0,0.4,0.0,0.4,1.5219,5,31.88,732.2,52.0,1.0,0.0,143.1192,1.0,True
Node009_Sybil01,5,0,3,0.0,0.4,0.4,0.2,1.5219,5,26.18,1109.2,57.05,1.0,0.0,208.5741,1.0,True
Node013,0,5,5,0.02779,0.2,0.4,0.4,2.3219,5,144.55,922.0,67.16,1.0,0.2,411.9235,1.0,False
Node043,4,1,5,0.0,0.2,0.0,0.4,2.3219,5,168.12,717.6,80.78,1.0,0.2,170.2937,1.0,False
Node006_Sybil00,5,0,2,0.0,0.8,0.8,0.0,0.7219,5,24.61,823.2,44.49,1.0,0.0,46.0864,1.0,True
Node023,2,3,5,0.00364,0.2,0.2,0.2,2.3219,4,106.74,885.2,61.44,1.0,0.0,64.2142,0.8,False
Node033,5,0,4,0.0,0.4,0.2,0.2,1.9219,5,241.49,1150.4,75.12,1.0,0.4,202.8822,1.0,False
Node036_Sybil00,5,0,3,0.0,0.4,0.0,0.4,1.5219,5,27.29,1205.0,46.11,1.0,0.0,103.223,1.0,True
Node049_Sybil01,4,1,3,0.00118,0.6,0.6,0.0,1.371,5,53.36,1040.0,50.36,1.0,0.0,664.2033,1.0,True
Node029_Sybil01,1,4,2,0.00361,0.8,0.8,0.0,0.7219,4,29.18,975.0,46.46,1.0,0.0,46.3272,0.8,True
Node009_Sybil01,0,5,3,0.00368,0.6,0.6,0.0,1.371,5,34.13,829.8,51.85,1.0,0.0,93.2336,1.0,True
Node033,0,5,4,0.02779,0.4,0.4,0.2,1.9219,5,126.5,942.0,63.66,1.0,0.4,299.328,1.0,False
Node043,1,4,4,0.02485,0.4,0.2,0.6,1.9219,5,130.38,1397.6,63.44,1.0,0.0,243.9112,1.0,False
Node026_Sybil00,0,5,5,0.02881,0.2,0.2,0.2,2.3219,5,84.36,821.6,53.14,1.0,0.2,117.7511,1.0,True
Node029_Sybil01,5,0,3,0.0,0.4,0.4,0.0,1.5219,5,29.01,1273.0,48.67,1.0,0.0,130.1689,1.0,True
Node026_Sybil00,5,0,2,0.0,0.8,0.0,0.8,0.7219,5,20.51,1085.6,49.56,1.0,0.0,144.7928,1.0,True
Node013,2,3,5,0.00329,0.2,0.2,0.2,2.3219,5,133.69,927.2,69.86,1.0,0.4,326.2063,1.0,False
Node046_Sybil00,4,1,3,0.0,0.4,0.6,0.0,1.5219,5,48.88,1050.2,47.56,1.0,0.0,156.0336,1.0,True
Node043,1,4,3,0.03162,0.4,0.6,0.4,1.5219,5,36.98,805.0,42.95,1.0,0.0,158.259,1.0,False
Node013,4,1,5,0.00348,0.2,0.2,0.0,2.3219,5,168.15,682.2,70.89,1.0,0.4,74.2469,1.0,False
Node013,3,2,5,0.0034,0.2,0.4,0.0,2.3219,5,259.6,1004.4,82.75,1.0,0.8,88.9763,1.0,False
Node046_Sybil00,4,1,4,0.0,0.4,0.2,0.2,1.9219,5,47.9,996.8,54.15,1.0,0.0,48.7744,1.0,True
Node003,1,4,5,0.02495,0.2,0.2,0.4,2.3219,5,141.43,882.4,84.84,1.0,0.2,150.6391,1.0,False
Node029_Sybil01,0,5,4,0.02441,0.4,0.0,0.2,1.9219,5,62.13,1113.6,55.32,1.0,0.0,238.2868,1.0,True
Node033,3,2,4,0.001,0.4,0.0,0.0,1.9219,5,173.73,1805.0,69.76,1.0,0.6,330.2228,1.0,False
Node043,2,3,4,0.00087,0.4,0.0,0.4,1.9219,5,211.62,1426.2,73.18,1.0,0.6,453.1697,1.0,False
Node023,5,0,3,0.0,0.4,0.0,0.4,1.5219,5,165.53,948.2,78.83,1.0,0.0,154.2487,1.0,False
Node023,4,1,4,0.00087,0.4,0.0,0.0,1.9219,5,167.66,862.8,67.23,1.0,0.4,203.5845,1.0,False
Node009_Sybil01,5,0,2,0.0,0.6,0.6,0.0,0.971,5,31.76,1756.8,55.48,1.0,0.0,137.437,1.0,True
Node026_Sybil00,4,1,3,0.0,0.6,0.0,0.2,1.371,5,23.58,1288.2,47.85,1.0,0.0,89.1299,1.0,True
Node049_Sybil01,3,2,3,0.00347,0.6,0.6,0.2,1.371,5,56.46,777.4,50.9,1.0,0.0,200.0439,1.0,True
Node006_Sybil00,2,3,4,0.02779,0.4,0.4,0.4,1.9219,5,63.12,1311.4,66.17,1.0,0.0,21.4703,1.0,True
Node039_Sybil01,2,3,5,0.00245,0.2,0.4,0.2,2.3219,5,59.71,1152.4,57.89,1.0,0.0,185.2794,1.0,True
Node016_Sybil00,3,2,4,0.001,0.4,0.2,0.2,1.9219,4,49.04,1522.0,56.77,1.0,0.0,150.2098,0.8,True
Node013,3,2,5,0.0,0.2,0.0,0.2,2.3219,4,142.74,995.6,66.65,1.0,0.2,676.7303,0.8,False
Node049_Sybil01,0,5,3,0.0,0.6,0.0,0.2,1.371,5,117.66,892.2,69.93,1.0,0.2,213.1973,1.0,True
Node013,5,0,5,0.0,0.2,0.0,0.2,2.3219,5,183.85,1193.6,81.45,1.0,0.2,95.1538,1.0,False
Node003,0,5,2,0.00679,0.8,0.8,0.2,0.7219,4,25.16,712.8,52.91,1.0,0.0,79.5271,0.8,False
Node003,5,0,4,0.0,0.4,0.4,0.4,1.9219,5,165.28,1261.4,70.26,1.0,0.2,32.8549,1.0,False
Node009_Sybil01,0,5,4,0.00539,0.4,0.8,0.2,1.9219,5,99.29,789.0,53.7,1.0,0.2,74.3667,1.0,True
Node013,5,0,4,0.0,0.4,0.0,0.0,1.9219,5,190.11,773.8,68.33,1.0,0.2,52.6867,1.0,False
Node029_Sybil01,5,0,4,0.0,0.4,0.6,0.0,1.9219,5,29.36,1015.0,55.55,1.0,0.0,81.0516,1.0,True
Node033,0,5,2,0.00379,0.6,0.4,0.0,0.971,4,67.4,1368.0,57.71,1.0,0.0,346.3617,0.8,False
Node019_Sybil01,5,0,3,0.0,0.4,0.0,0.2,1.5219,5,20.44,1236.8,43.59,1.0,0.0,43.5945,1.0,True
Node013,5,0,5,0.0,0.2,0.0,0.2,2.3219,5,250.86,1164.8,80.79,1.0,0.4,69.8483,1.0,False
Node003,5,0,5,0.0,0.2,0.4,0.2,2.3219,5,203.4,963.6,77.17,1.0,0.2,165.9603,1.0,False
Node023,0,5,3,0.00462,0.4,0.0,0.4,1.5219,5,113.44,853.0,56.78,1.0,0.2,434.0473,1.0,False
Node019_Sybil01,1,4,4,0.0,0.4,0.4,0.2,1.9219,5,24.89,791.2,54.73,1.0,0.0,68.5748,1.0,True
Node003,1,4,3,0.00272,0.4,0.0,0.4,1.5219,5,147.81,1012.2,65.18,1.0,0.2,176.4027,1.0,False
Node023,2,3,3,0.0,0.6,0.6,0.2,1.371,5,134.41,1177.8,63.52,1.0,0.0,276.7249,1.0,False
Node016_Sybil00,0,5,5,0.02842,0.2,0.4,0.2,2.3219,5,150.35,1159.4,69.65,1.0,0.2,327.7401,1.0,True
Node013,4,1,5,0.00261,0.2,0.0,0.2,2.3219,5,169.14,1211.6,68.72,1.0,0.0,104.3899,1.0,False
Node046_Sybil00,3,2,5,0.03792,0.2,0.6,0.2,2.3219,4,33.01,1217.0,48.23,1.0,0.0,163.8094,0.8,True
Node003,4,1,5,0.02918,0.2,0.0,0.4,2.3219,5,161.36,1068.0,76.31,1.0,0.0,135.9933,1.0,False
Node043,0,5,3,0.00413,0.4,0.4,0.4,1.5219,5,52.63,1217.2,60.76,1.0,0.0,395.8021,1.0,False
Node039_Sybil01,5,0,4,0.0,0.4,0.2,0.0,1.9219,5,26.98,1200.4,56.22,1.0,0.0,103.388,1.0,True
Node009_Sybil01,3,2,3,0.0304,0.4,0.4,0.4,1.5219,5,22.48,1006.0,43.6,1.0,0.0,112.9001,1.0,True
Node049_Sybil01,0,5,4,0.00362,0.4,0.4,0.2,1.9219,5,94.41,1014.6,63.01,1.0,0.2,16.8363,1.0,True
Node013,5,0,4,0.0,0.4,0.0,0.0,1.9219,5,181.55,1392.2,71.21,1.0,0.2,134.2032,1.0,False
Node049_Sybil01,5,0,1,0.0,1.0,1.0,0.0,0.0,4,23.56,568.8,45.02,1.0,0.0,80.8111,0.8,True
Node029_Sybil01,3,2,5,0.0,0.2,0.6,0.2,2.3219,5,115.35,790.0,51.85,1.0,0.2,316.6354,1.0,True
Node009_Sybil01,4,1,4,0.02901,0.4,0.4,0.4,1.9219,4,39.08,1703.6,53.49,1.0,0.0,134.1241,0.8,True
Node026_Sybil00,0,5,4,0.02943,0.4,0.6,0.2,1.9219,4,129.17,1367.2,66.72,1.0,0.4,624.1506,0.8,True
Node009_Sybil01,1,4,3,0.00166,0.4,0.4,0.2,1.5219,4,107.51,942.2,66.86,1.0,0.0,453.0832,0.8,True
Node013,0,5,5,0.0,0.2,0.4,0.0,2.3219,5,80.62,1090.6,64.85,1.0,0.0,23.0045,1.0,False
Node046_Sybil00,5,0,3,0.0,0.6,0.6,0.2,1.371,5,19.07,1828.8,40.54,1.0,0.0,9.5242,1.0,True
Node026_Sybil00,4,1,4,0.00174,0.4,0.2,0.4,1.9219,5,29.75,1033.8,40.41,1.0,0.0,99.2851,1.0,True
Node003,5,0,4,0.0,0.4,0.2,0.0,1.9219,5,230.03,919.0,86.13,1.0,0.4,82.5146,1.0,False
Node026_Sybil00,1,4,5,0.0237,0.2,0.2,0.4,2.3219,5,120.12,1163.2,58.51,1.0,0.2,184.3801,1.0,True
Node026_Sybil00,5,0,3,0.0,0.6,0.0,0.6,1.371,5,21.8,903.8,55.24,1.0,0.0,95.285,1.0,True
Node013,0,5,4,0.00166,0.4,0.4,0.0,1.9219,5,63.5,1363.8,56.62,1.0,0.0,81.7265,1.0,False
Node006_Sybil00,0,5,4,0.02481,0.4,0.0,0.2,1.9219,5,135.53,1166.2,64.33,1.0,0.2,57.9914,1.0,True
Node043,5,0,4,0.0,0.4,0.2,0.4,1.9219,5,164.64,1452.8,79.57,1.0,0.0,196.2454,1.0,False
Node043,5,0,5,0.0,0.2,0.2,0.2,2.3219,5,193.32,1292.0,82.7,1.0,0.2,184.0505,1.0,False
Node033,2,3,4,0.02745,0.4,0.0,0.6,1.9219,5,210.86,809.6,76.03,1.0,0.2,106.395,1.0,False
Node023,3,2,4,0.00173,0.4,0.0,0.2,1.9219,5,122.75,1100.8,67.39,1.0,0.0,481.522,1.0,False
Node049_Sybil01,3,2,5,0.02705,0.2,0.2,0.2,2.3219,5,25.28,812.4,59.88,1.0,0.0,32.0177,1.0,True
Node046_Sybil00,0,5,4,0.00376,0.4,0.0,0.2,1.9219,4,62.03,1314.0,47.98,1.0,0.0,143.536,0.8,True
Node033,5,0,4,0.0,0.4,0.6,0.0,1.9219,5,229.85,1000.2,78.21,1.0,0.4,94.2948,1.0,False
Node013,2,3,3,0.00327,0.6,0.2,0.2,1.371,5,77.51,1235.0,59.51,1.0,0.0,241.2728,1.0,False
Node043,5,0,4,0.0,0.4,0.4,0.0,1.9219,5,222.04,1374.6,81.39,1.0,0.2,167.8031,1.0,False
Node039_Sybil01,0,5,3,0.00351,0.6,0.6,0.2,1.371,5,98.83,978.2,65.04,1.0,0.0,417.0775,1.0,True
Node019_Sybil01,0,5,4,0.02809,0.4,0.2,0.4,1.9219,5,135.44,1264.8,59.51,1.0,0.4,536.0668,1.0,True
Node023,5,0,4,0.0,0.4,0.2,0.6,1.9219,5,215.82,1128.6,79.26,1.0,0.2,136.4641,1.0,False
Node029_Sybil01,5,0,2,0.0,0.6,1.0,0.0,0.971,5,35.43,1367.2,56.25,1.0,0.0,41.8984,1.0,True
Node036_Sybil00,5,0,2,0.0,0.8,0.0,0.8,0.7219,5,25.44,670.4,54.5,1.0,0.0,140.1848,1.0,True
Node043,4,1,5,0.0,0.2,0.2,0.4,2.3219,5,154.47,684.8,77.43,1.0,0.0,128.9543,1.0,False
Node049_Sybil01,0,5,2,0.0035,0.6,0.0,0.0,0.971,5,101.44,1166.6,62.16,1.0,0.2,401.822,1.0,True
Node039_Sybil01,5,0,4,0.0,0.4,0.4,0.0,1.9219,5,41.24,1232.8,38.68,1.0,0.0,114.9195,1.0,True
Node033,5,0,4,0.0,0.4,0.6,0.0,1.9219,5,223.66,761.4,79.28,1.0,0.4,109.7435,1.0,False
Node033,2,3,4,0.0045,0.4,0.0,0.0,1.9219,5,103.8,710.0,51.28,1.0,0.2,336.9662,1.0,False
Node039_Sybil01,0,5,4,0.00301,0.4,0.2,0.2,1.9219,5,30.28,893.6,45.38,1.0,0.0,79.9413,1.0,True
Node023,1,4,3,0.001,0.6,0.0,0.6,1.371,3,57.39,996.0,62.57,1.0,0.0,46.8547,0.6,False
Node026_Sybil00,0,5,5,0.02614,0.2,0.0,0.2,2.3219,5,134.13,1048.0,75.51,1.0,0.0,283.2472,1.0,True
Node026_Sybil00,0,5,4,0.0027,0.4,0.0,0.6,1.9219,5,103.68,1093.4,70.02,1.0,0.2,238.3942,1.0,True
Node033,0,5,4,0.02743,0.4,0.4,0.2,1.9219,5,49.65,1195.2,65.11,1.0,0.0,178.709,1.0,False
Node013,3,2,4,0.0,0.4,0.2,0.0,1.9219,5,152.23,1227.0,78.89,1.0,0.2,180.2722,1.0,False
Node033,3,2,4,0.00359,0.4,0.2,0.4,1.9219,5,164.82,1282.8,64.73,1.0,0.2,102.3033,1.0,False
Node003,5,0,3,0.0,0.4,0.2,0.0,1.5219,5,192.67,955.0,87.57,1.0,0.2,103.9214,1.0,False
Node003,0,5,4,0.00166,0.4,0.4,0.2,1.9219,5,96.32,412.8,65.36,1.0,0.2,104.2223,1.0,False
Node033,0,5,3,0.001,0.4,0.6,0.0,1.5219,5,59.28,1257.2,62.94,1.0,0.0,77.1996,1.0,False
Node043,0,5,4,0.02302,0.4,0.4,0.2,1.9219,5,39.63,1287.6,41.34,1.0,0.0,36.6647,1.0,False
Node039_Sybil01,5,0,3,0.0,0.4,1.0,0.0,1.5219,5,30.18,1401.4,42.27,1.0,0.0,41.0573,1.0,True
Node013,0,5,4,0.00276,0.4,0.6,0.2,1.9219,5,114.1,1562.8,72.21,1.0,0.2,247.1843,1.0,False
Node033,4,1,4,0.00087,0.4,0.6,0.0,1.9219,5,180.11,1049.8,80.09,1.0,0.0,296.9938,1.0,False
Node039_Sybil01,0,5,4,0.00075,0.4,0.4,0.0,1.9219,5,63.51,1637.6,61.57,1.0,0.0,380.1547,1.0,True
Node033,0,5,4,0.00301,0.4,0.6,0.0,1.9219,5,41.79,605.2,56.95,1.0,0.0,110.1336,1.0,False
Node009_Sybil01,2,3,4,0.02732,0.4,0.4,0.2,1.9219,5,95.23,954.6,67.08,1.0,0.0,145.6241,1.0,True
Node013,1,4,3,0.03131,0.4,0.4,0.0,1.5219,5,58.98,1118.6,55.85,1.0,0.0,298.3669,1.0,False
Node036_Sybil00,0,5,4,0.02785,0.4,0.4,0.0,1.9219,5,110.28,1326.6,67.86,1.0,0.2,57.2432,1.0,True
Node009_Sybil01,5,0,3,0.0,0.6,0.2,0.2,1.371,5,39.37,816.8,47.96,1.0,0.0,36.1151,1.0,True
Node049_Sybil01,4,1,4,0.02478,0.4,0.6,0.2,1.9219,5,27.2,1039.8,45.37,1.0,0.0,143.9697,1.0,True
Node023,5,0,4,0.0,0.4,0.2,0.0,1.9219,5,208.0,1152.4,77.93,1.0,0.4,192.8841,1.0,False
Node013,5,0,5,0.0,0.2,0.0,0.2,2.3219,5,197.29,1121.8,72.62,1.0,0.2,135.409,1.0,False
Node019_Sybil01,5,0,2,0.0,0.8,0.0,0.2,0.7219,5,31.92,1250.2,46.66,1.0,0.0,88.4285,1.0,True
Node039_Sybil01,2,3,3,0.00361,0.6,0.8,0.2,1.371,5,101.35,865.2,71.2,1.0,0.2,259.0912,1.0,True
Node023,0,5,3,0.03096,0.4,0.4,0.6,1.5219,5,63.57,1500.4,55.94,1.0,0.0,69.5306,1.0,False
Node033,0,5,4,0.0,0.4,0.2,0.0,1.9219,4,65.48,1048.6,52.09,1.0,0.0,174.8011,0.8,False
Node036_Sybil00,2,3,5,0.00348,0.2,0.2,0.4,2.3219,5,62.68,713.4,61.75,1.0,0.0,122.7966,1.0,True
Node049_Sybil01,4,1,3,0.02892,0.6,0.6,0.2,1.371,5,25.17,830.8,52.51,1.0,0.0,126.436,1.0,True
Node029_Sybil01,0,5,5,0.0275,0.2,0.2,0.2,2.3219,5,108.34,502.2,67.07,1.0,0.0,102.7999,1.0,True
Node029_Sybil01,0,5,5,0.0,0.2,0.0,0.4,2.3219,4,100.75,721.2,55.57,1.0,0.0,644.1238,0.8,True
Node009_Sybil01,3,2,3,0.04141,0.6,0.6,0.0,1.371,4,51.95,943.2,58.51,1.0,0.0,93.6411,0.8,True
Node049_Sybil01,5,0,3,0.0,0.4,0.4,0.2,1.5219,5,22.31,1336.6,50.07,1.0,0.0,53.1463,1.0,True
Node023,5,0,5,0.0,0.2,0.4,0.0,2.3219,5,196.31,861.0,79.73,1.0,0.4,148.6695,1.0,False
Node049_Sybil01,5,0,2,0.0,0.8,0.8,0.0,0.7219,4,26.38,1333.2,43.03,1.0,0.0,83.119,0.8,True
Node003,5,0,5,0.0,0.2,0.2,0.2,2.3219,5,223.9,1473.0,90.73,1.0,0.4,37.4683,1.0,False
Node029_Sybil01,4,1,4,0.00174,0.4,0.2,0.0,1.9219,5,25.98,1334.8,51.66,1.0,0.0,155.2527,1.0,True
Node006_Sybil00,0,5,5,0.00525,0.2,0.4,0.2,2.3219,5,111.96,891.4,55.46,1.0,0.0,396.2435,1.0,True
Node003,0,5,4,0.00246,0.4,0.0,0.4,1.9219,5,140.95,530.2,69.18,1.0,0.2,479.1043,1.0,False
Node019_Sybil01,3,2,4,0.0,0.4,0.2,0.2,1.9219,5,34.5,671.8,53.04,1.0,0.0,109.619,1.0,True
Node049_Sybil01,2,3,5,0.00357,0.2,0.2,0.2,2.3219,5,93.61,1262.4,51.91,1.0,0.0,221.0094,1.0,True
Node046_Sybil00,3,2,3,0.0236,0.6,0.8,0.0,1.371,5,96.5,1172.0,56.19,1.0,0.2,203.7513,1.0,True
Node036_Sybil00,0,5,4,0.00087,0.4,0.4,0.0,1.9219,5,40.64,784.4,54.31,1.0,0.0,184.9261,1.0,True
Node016_Sybil00,5,0,3,0.0,0.6,0.0,0.2,1.371,5,27.92,1197.0,48.82,1.0,0.0,130.2261,1.0,True
Node026_Sybil00,5,0,2,0.0,0.6,0.0,0.6,0.971,5,21.92,1273.0,47.49,1.0,0.0,139.3799,1.0,True
Node036_Sybil00,5,0,3,0.0,0.4,0.0,0.2,1.5219,5,23.72,1558.2,59.99,1.0,0.0,42.8118,1.0,True
Node046_Sybil00,0,5,5,0.0,0.2,0.2,0.2,2.3219,4,121.64,871.4,59.69,1.0,0.2,396.4233,0.8,True
Node046_Sybil00,2,3,3,0.00087,0.4,0.4,0.4,1.5219,4,32.96,627.6,42.32,1.0,0.0,29.3336,0.8,True
Node013,4,1,4,0.03238,0.4,0.6,0.2,1.9219,4,182.34,1348.6,77.8,1.0,0.2,174.5296,0.8,False
Node006_Sybil00,2,3,4,0.0,0.4,0.2,0.4,1.9219,5,78.11,1394.8,64.85,1.0,0.0,144.0939,1.0,True
Node019_Sybil01,4,1,4,0.0,0.4,0.2,0.4,1.9219,5,63.41,1125.8,61.1,1.0,0.0,405.6726,1.0,True
Node009_Sybil01,5,0,3,0.0,0.4,0.4,0.2,1.5219,5,36.08,846.2,46.16,1.0,0.0,80.44,1.0,True
Node043,5,0,4,0.0,0.4,0.2,0.0,1.9219,5,221.11,920.4,79.31,1.0,0.4,57.6056,1.0,False
Node026_Sybil00,0,5,5,0.00364,0.2,0.4,0.2,2.3219,5,97.29,893.2,53.71,1.0,0.0,130.122,1.0,True
Node029_Sybil01,0,5,5,0.02642,0.2,0.6,0.0,2.3219,5,93.19,1503.2,61.62,1.0,0.0,445.4791,1.0,True
Node013,5,0,4,0.0,0.4,0.4,0.0,1.9219,5,185.21,1194.6,84.25,1.0,0.2,145.7249,1.0,False
Node013,5,0,5,0.0,0.2,0.0,0.2,2.3219,5,178.26,772.4,85.73,1.0,0.2,67.6613,1.0,False
Node033,3,2,3,0.00348,0.4,0.8,0.0,1.5219,5,186.76,1061.4,75.38,1.0,0.0,192.1788,1.0,False
Node036_Sybil00,5,0,2,0.0,0.6,0.0,0.0,0.971,5,22.03,1407.2,53.87,1.0,0.0,119.6298,1.0,True
Node036_Sybil00,5,0,3,0.0,0.6,0.0,0.2,1.371,5,28.13,1402.6,54.55,1.0,0.0,200.0362,1.0,True
Node023,3,2,5,0.00251,0.2,0.2,0.0,2.3219,5,141.22,1050.2,73.99,1.0,0.2,359.6859,1.0,False
Node039_Sybil01,5,0,5,0.0,0.2,0.6,0.0,2.3219,5,20.1,1321.2,44.25,1.0,0.0,156.6409,1.0,True
Node029_Sybil01,0,5,4,0.00087,0.4,0.0,0.2,1.9219,5,93.18,1306.2,54.25,1.0,0.0,415.1489,1.0,True
Node023,5,0,4,0.0,0.4,0.0,0.4,1.9219,5,185.55,740.8,81.44,1.0,0.2,205.6741,1.0,False
Node036_Sybil00,0,5,4,0.03019,0.4,0.6,0.2,1.9219,5,92.76,1059.4,65.91,1.0,0.2,143.7446,1.0,True
Node003,4,1,4,0.02673,0.4,0.6,0.0,1.9219,5,169.69,870.6,79.71,1.0,0.2,134.9049,1.0,False
Node023,4,1,5,0.00362,0.2,0.0,0.4,2.3219,5,141.35,1205.8,77.53,1.0,0.2,237.2671,1.0,False
Node033,0,5,3,0.00342,0.6,0.8,0.0,1.371,5,22.72,747.8,43.42,1.0,0.0,48.0221,1.0,False
Node013,5,0,5,0.0,0.2,0.2,0.0,2.3219,5,216.14,1103.2,85.18,1.0,0.4,221.6581,1.0,False
Node023,4,1,5,0.0,0.2,0.4,0.2,2.3219,5,165.94,730.4,79.66,1.0,0.2,205.8446,1.0,False
Node006_Sybil00,5,0,2,0.0,0.8,0.8,0.2,0.7219,5,26.49,920.2,49.75,1.0,0.0,112.7901,1.0,True
Node043,0,5,2,0.00261,0.6,0.6,0.0,0.971,5,69.55,902.8,61.93,1.0,0.0,203.342,1.0,False
Node043,2,3,5,0.00416,0.2,0.4,0.0,2.3219,5,203.06,885.2,77.06,1.0,0.4,345.8393,1.0,False
Node013,5,0,3,0.0,0.6,0.0,0.0,1.371,4,153.3,1189.0,82.81,1.0,0.0,44.3857,0.8,False
Node049_Sybil01,5,0,2,0.0,0.8,0.8,0.2,0.7219,5,24.74,1003.4,43.71,1.0,0.0,121.6224,1.0,True
Node043,2,3,3,0.0,0.4,0.4,0.6,1.5219,5,169.31,1172.8,65.25,1.0,0.4,500.3218,1.0,False
Node033,2,3,4,0.001,0.4,0.0,0.4,1.9219,5,84.09,848.0,58.12,1.0,0.0,381.6412,1.0,False
Node019_Sybil01,3,2,3,0.00344,0.4,0.2,0.0,1.5219,5,29.49,1053.4,53.66,1.0,0.0,147.5946,1.0,True
Node036_Sybil00,1,4,5,0.00201,0.2,0.2,0.4,2.3219,5,96.35,1069.2,55.84,1.0,0.0,179.3059,1.0,True
Node023,4,1,5,0.03206,0.2,0.2,0.4,2.3219,5,184.72,1137.4,76.26,1.0,0.2,102.3641,1.0,False
Node039_Sybil01,5,0,4,0.0,0.4,0.4,0.0,1.9219,5,22.26,782.6,44.54,1.0,0.0,87.8211,1.0,True
Node009_Sybil01,1,4,4,0.0035,0.4,0.4,0.0,1.9219,5,35.08,1345.4,53.63,1.0,0.0,174.1539,1.0,True
Node036_Sybil00,4,1,4,0.0027,0.4,0.2,0.2,1.9219,5,27.11,1356.2,52.29,1.0,0.0,142.0814,1.0,True
Node043,3,2,5,0.00087,0.2,0.0,0.2,2.3219,4,119.29,977.6,71.87,1.0,0.2,109.6521,0.8,False
Node013,0,5,5,0.0262,0.2,0.2,0.2,2.3219,5,171.69,994.6,68.36,1.0,0.4,287.8115,1.0,False
Node033,0,5,4,0.00279,0.4,0.0,0.0,1.9219,5,92.49,802.0,63.82,1.0,0.2,422.8727,1.0,False
Node003,0,5,3,0.02284,0.6,0.0,0.2,1.371,5,60.33,1543.6,56.27,1.0,0.0,516.0106,1.0,False
Node006_Sybil00,5,0,2,0.0,0.6,0.6,0.4,0.971,5,24.38,1131.6,41.46,1.0,0.0,47.4978,1.0,True
Node039_Sybil01,0,5,4,0.02433,0.4,0.4,0.4,1.9219,5,23.9,1491.0,44.41,1.0,0.0,112.3925,1.0,True
Node026_Sybil00,5,0,3,0.0,0.4,0.0,0.2,1.5219,5,33.26,1103.6,53.82,1.0,0.0,143.0591,1.0,True
Node013,5,0,4,0.0,0.4,0.0,0.4,1.9219,5,216.03,1202.8,71.78,1.0,0.2,102.4569,1.0,False
Node039_Sybil01,5,0,4,0.0,0.4,0.6,0.0,1.9219,5,24.07,1205.8,55.48,1.0,0.0,175.2621,1.0,True
Node006_Sybil00,0,5,4,0.0016,0.4,0.2,0.4,1.9219,5,139.26,1522.8,62.13,1.0,0.2,198.4657,1.0,True
Node016_Sybil00,1,4,3,0.00327,0.6,0.4,0.0,1.371,5,25.66,1272.6,46.49,1.0,0.0,194.2963,1.0,True
Node003,5,0,5,0.0,0.2,0.0,0.2,2.3219,5,196.17,1409.2,75.71,1.0,0.2,80.3337,1.0,False
Node006_Sybil00,4,1,2,0.00087,0.8,0.8,0.0,0.7219,5,59.59,1607.4,59.15,1.0,0.0,324.6055,1.0,True
Node026_Sybil00,1,4,3,0.00334,0.6,0.2,0.6,1.371,5,68.86,820.0,60.26,1.0,0.0,188.2701,1.0,True
Node003,5,0,4,0.0,0.4,0.0,0.2,1.9219,5,173.23,1325.0,80.22,1.0,0.2,245.9458,1.0,False
Node003,2,3,4,0.00399,0.4,0.0,0.4,1.9219,5,100.77,1038.4,68.58,1.0,0.0,503.695,1.0,False
Node013,5,0,4,0.0,0.4,0.0,0.4,1.9219,5,232.22,459.0,85.27,1.0,0.8,78.6033,1.0,False
Node023,0,5,4,0.02805,0.4,0.2,0.0,1.9219,5,71.72,1319.6,57.92,1.0,0.2,158.229,1.0,False
Node049_Sybil01,0,5,4,0.00087,0.4,0.2,0.0,1.9219,5,95.03,672.4,65.23,1.0,0.2,105.2832,1.0,True
Node003,0,5,4,0.00166,0.4,0.2,0.0,1.9219,3,35.52,1152.2,50.21,1.0,0.0,113.8157,0.6,False
Node039_Sybil01,2,3,4,0.03133,0.4,0.0,0.6,1.9219,5,94.74,1088.2,66.91,1.0,0.2,347.4209,1.0,True
Node006_Sybil00,0,5,5,0.00167,0.2,0.4,0.2,2.3219,5,73.8,945.8,58.93,1.0,0.0,316.4469,1.0,True
Node013,2,3,5,0.02788,0.2,0.2,0.0,2.3219,5,115.92,1084.2,61.34,1.0,0.2,223.6739,1.0,False
Node019_Sybil01,3,2,4,0.0,0.4,0.2,0.2,1.9219,5,72.58,1073.2,55.91,1.0,0.2,273.7792,1.0,True
Node043,2,3,4,0.0,0.4,0.4,0.0,1.9219,4,104.95,999.6,62.79,1.0,0.0,62.888,0.8,False
Node033,5,0,5,0.0,0.2,0.0,0.2,2.3219,5,184.43,1176.4,78.61,1.0,0.2,134.6073,1.0,False
Node043,5,0,4,0.0,0.4,0.4,0.0,1.9219,5,239.36,970.6,76.73,1.0,0.6,57.8111,1.0,False
Node019_Sybil01,5,0,2,0.0,0.8,0.0,0.2,0.7219,5,20.65,880.8,54.41,1.0,0.0,73.801,1.0,True
Node009_Sybil01,2,3,4,0.02436,0.4,0.4,0.4,1.9219,5,83.18,1301.2,57.18,1.0,0.0,153.6736,1.0,True
Node006_Sybil00,0,5,4,0.00166,0.4,0.4,0.2,1.9219,5,100.4,1139.8,61.77,1.0,0.0,604.6726,1.0,True
Node043,0,5,5,0.00359,0.2,0.2,0.2,2.3219,5,109.55,583.4,53.89,1.0,0.2,590.1229,1.0,False
Node036_Sybil00,5,0,3,0.0,0.4,0.0,0.2,1.5219,5,26.13,1184.6,43.6,1.0,0.0,110.5102,1.0,True
Node033,5,0,4,0.0,0.4,0.2,0.2,1.9219,5,166.92,873.8,82.45,1.0,0.0,79.7329,1.0,False
Node039_Sybil01,5,0,4,0.0,0.4,0.8,0.0,1.9219,5,25.2,941.2,47.66,1.0,0.0,89.8396,1.0,True
Node043,4,1,4,0.00087,0.4,0.0,0.2,1.9219,5,169.72,855.4,78.32,1.0,0.2,431.0636,1.0,False
Node049_Sybil01,1,4,3,0.00275,0.6,0.6,0.2,1.371,4,18.62,904.2,52.56,1.0,0.0,77.3577,0.8,True
Node003,4,1,5,0.00174,0.2,0.0,0.2,2.3219,5,175.09,1319.6,61.15,1.0,0.2,227.3243,1.0,False
Node023,3,2,5,0.0,0.2,0.2,0.4,2.3219,4,145.04,1499.0,62.5,1.0,0.4,129.6997,0.8,False
Node023,2,3,4,0.00268,0.4,0.2,0.0,1.9219,5,93.35,634.2,61.18,1.0,0.0,264.7593,1.0,False
Node006_Sybil00,0,5,3,0.00371,0.4,0.4,0.2,1.5219,5,50.02,848.2,54.35,1.0,0.0,430.5889,1.0,True
Node036_Sybil00,5,0,3,0.0,0.4,0.0,0.4,1.5219,5,32.8,1293.0,53.48,1.0,0.0,74.9037,1.0,True
Node043,3,2,5,0.0,0.2,0.2,0.0,2.3219,5,117.98,993.2,68.0,1.0,0.0,212.0984,1.0,False
Node036_Sybil00,2,3,3,0.0,0.4,0.4,0.2,1.5219,5,46.64,1113.8,48.71,1.0,0.0,162.8966,1.0,True
Node039_Sybil01,0,5,5,0.00515,0.2,0.2,0.0,2.3219,4,70.83,1270.8,46.6,1.0,0.2,115.6185,0.8,True
Node013,5,0,4,0.0,0.4,0.2,0.0,1.9219,5,248.89,926.0,84.05,1.0,0.4,85.5356,1.0,False
Node013,0,5,4,0.00351,0.4,0.0,0.4,1.9219,5,82.16,495.0,52.94,1.0,0.2,120.2291,1.0,False
Node033,5,0,4,0.0,0.4,0.4,0.0,1.9219,5,163.7,919.8,87.63,1.0,0.2,106.0483,1.0,False
Node016_Sybil00,0,5,5,0.00147,0.2,0.0,0.0,2.3219,4,80.24,809.8,62.78,1.0,0.0,712.519,0.8,True
Node036_Sybil00,0,5,4,0.0045,0.4,0.6,0.0,1.9219,5,69.08,1088.0,64.42,1.0,0.0,5.6701,1.0,True
Node023,0,5,4,0.02817,0.4,0.4,0.2,1.9219,5,119.94,980.2,70.98,1.0,0.2,332.311,1.0,False
Node019_Sybil01,0,5,3,0.00246,0.6,0.2,0.0,1.371,5,36.07,758.0,57.67,1.0,0.0,36.6686,1.0,True
Node029_Sybil01,5,0,2,0.0,0.6,0.6,0.0,0.971,5,25.99,1057.4,50.49,1.0,0.0,105.1837,1.0,True
Node009_Sybil01,3,2,3,0.00253,0.6,0.6,0.0,1.371,5,81.85,1354.4,60.38,1.0,0.2,237.6027,1.0,True
Node033,5,0,4,0.0,0.4,0.0,0.4,1.9219,5,209.21,1067.6,78.36,1.0,0.2,78.0808,1.0,False
Node003,3,2,4,0.03395,0.4,0.6,0.0,1.9219,5,154.87,1253.6,62.17,1.0,0.4,269.9861,1.0,False
Node033,5,0,5,0.0,0.2,0.2,0.4,2.3219,5,162.77,866.0,82.3,1.0,0.0,118.242,1.0,False
Node003,2,3,4,0.00318,0.4,0.4,0.0,1.9219,5,158.09,1080.2,78.47,1.0,0.4,177.2824,1.0,False
Node019_Sybil01,3,2,4,0.0037,0.4,0.2,0.2,1.9219,5,27.82,1007.2,47.48,1.0,0.0,179.4294,1.0,True
Node046_Sybil00,0,5,5,0.00361,0.2,0.4,0.0,2.3219,5,125.69,1215.8,67.62,1.0,0.0,314.3645,1.0,True
Node029_Sybil01,0,5,4,0.02838,0.4,0.6,0.0,1.9219,5,136.85,1039.2,62.86,1.0,0.4,379.2632,1.0,True
Node009_Sybil01,5,0,2,0.0,0.8,0.8,0.2,0.7219,5,40.85,902.4,51.42,1.0,0.0,111.542,1.0,True
Node013,0,5,2,0.0,0.6,0.6,0.0,0.971,5,16.82,747.2,51.35,1.0,0.0,199.8915,1.0,False
Node036_Sybil00,0,5,4,0.00268,0.4,0.6,0.2,1.9219,4,124.29,1007.8,72.13,1.0,0.4,193.3453,0.8,True
Node023,3,2,5,0.00348,0.2,0.4,0.2,2.3219,5,176.58,792.2,76.75,1.0,0.0,99.7767,1.0,False
Node026_Sybil00,5,0,3,0.0,0.4,0.0,0.4,1.5219,5,29.66,1154.8,52.62,1.0,0.0,146.8529,1.0,True
Node039_Sybil01,0,5,2,0.02779,0.8,0.8,0.0,0.7219,5,109.81,1214.8,62.51,1.0,0.2,789.0192,1.0,True
Node013,2,3,4,0.02746,0.4,0.4,0.2,1.9219,5,97.79,1468.4,66.39,1.0,0.2,250.2368,1.0,False
Node023,0,5,4,0.00143,0.4,0.2,0.0,1.9219,5,125.93,853.2,61.23,1.0,0.0,546.7027,1.0,False
Node003,1,4,4,0.00259,0.4,0.0,0.2,1.9219,5,103.79,1024.2,61.47,1.0,0.2,190.7842,1.0,False
Node023,0,5,4,0.02324,0.4,0.6,0.0,1.9219,5,51.66,1373.4,67.35,1.0,0.0,117.1825,1.0,False
Node023,5,0,5,0.0,0.2,0.0,0.2,2.3219,5,206.23,1047.2,74.4,1.0,0.0,78.2348,1.0,False
Node036_Sybil00,1,4,4,0.00094,0.4,0.6,0.0,1.9219,5,78.6,1254.6,57.51,1.0,0.2,54.1805,1.0,True
Node009_Sybil01,4,1,3,0.00143,0.4,0.4,0.2,1.5219,5,26.31,683.8,45.18,1.0,0.0,121.2019,1.0,True
Node036_Sybil00,5,0,2,0.0,0.6,0.0,0.0,0.971,5,23.26,1246.4,46.11,1.0,0.0,61.5321,1.0,True
Node046_Sybil00,0,5,4,0.001,0.4,0.4,0.0,1.9219,5,123.58,1279.4,68.69,1.0,0.0,504.6936,1.0,True
Node009_Sybil01,4,1,2,0.0,0.8,0.8,0.0,0.7219,5,13.4,1228.2,52.35,1.0,0.0,108.0958,1.0,True
Node046_Sybil00,2,3,5,0.00223,0.2,0.2,0.2,2.3219,5,69.76,1678.6,63.54,1.0,0.0,340.1244,1.0,True
Node013,0,5,5,0.00364,0.2,0.4,0.4,2.3219,5,75.6,1232.2,44.55,1.0,0.2,105.2858,1.0,False
Node043,0,5,4,0.0,0.4,0.4,0.2,1.9219,4,76.77,701.0,55.96,1.0,0.2,237.9759,0.8,False
Node003,5,0,4,0.0,0.4,0.2,0.4,1.9219,5,219.47,1546.4,73.62,1.0,0.6,35.0454,1.0,False
Node033,5,0,4,0.0,0.4,0.0,0.2,1.9219,5,201.19,1220.6,77.86,1.0,0.4,17.9025,1.0,False
Node049_Sybil01,5,0,2,0.0,0.8,0.8,0.2,0.7219,5,26.6,1084.2,41.44,1.0,0.0,26.9447,1.0,True
Node026_Sybil00,5,0,2,0.0,0.8,0.0,0.2,0.7219,5,28.86,1153.4,52.12,1.0,0.0,103.9754,1.0,True
Node046_Sybil00,5,0,2,0.0,0.8,0.8,0.2,0.7219,5,36.25,1154.4,57.72,1.0,0.0,50.6133,1.0,True
Node033,5,0,5,0.0,0.2,0.2,0.2,2.3219,5,172.97,1055.0,78.12,1.0,0.0,104.9183,1.0,False
Node023,5,0,5,0.0,0.2,0.2,0.0,2.3219,5,184.61,1158.8,70.77,1.0,0.2,56.1628,1.0,False
Node046_Sybil00,5,0,2,0.0,0.6,0.4,0.0,0.971,5,33.19,1205.6,48.12,1.0,0.0,162.884,1.0,True
Node019_Sybil01,4,1,4,0.00179,0.4,0.0,0.4,1.9219,5,56.49,673.6,56.65,1.0,0.0,464.9282,1.0,True
Node016_Sybil00,2,3,4,0.00142,0.4,0.4,0.2,1.9219,5,32.87,1235.4,57.79,1.0,0.0,101.8302,1.0,True
Node009_Sybil01,3,2,2,0.0,0.8,0.8,0.0,0.7219,5,61.87,762.4,53.52,1.0,0.0,135.937,1.0,True
Node033,0,5,5,0.02699,0.2,0.4,0.0,2.3219,5,79.49,597.6,65.36,1.0,0.0,423.5063,1.0,False
Node003,5,0,4,0.0,0.4,0.0,0.6,1.9219,5,260.25,1338.8,86.2,1.0,0.6,60.1445,1.0,False
Node023,4,1,5,0.0,0.2,0.2,0.2,2.3219,5,154.81,1035.4,72.96,1.0,0.2,318.5736,1.0,False
Node043,3,2,5,0.02788,0.2,0.2,0.2,2.3219,5,149.36,631.6,73.87,1.0,0.2,263.0845,1.0,False
Node009_Sybil01,5,0,2,0.0,0.6,0.4,0.6,0.971,4,28.63,497.0,52.33,1.0,0.0,90.1016,0.8,True
Node013,2,3,4,0.00369,0.4,0.2,0.0,1.9219,5,165.34,1028.8,73.58,1.0,0.4,311.9228,1.0,False
Node043,2,3,4,0.0,0.4,0.2,0.0,1.9219,4,84.23,943.0,53.56,1.0,0.0,247.5253,0.8,False
Node009_Sybil01,5,0,1,0.0,1.0,1.0,0.0,0.0,5,24.54,937.8,63.95,1.0,0.0,0.1504,1.0,True
Node043,5,0,5,0.0,0.2,0.0,0.4,2.3219,5,215.37,1050.4,84.11,1.0,0.2,124.9647,1.0,False
Node009_Sybil01,0,5,5,0.00348,0.2,0.2,0.2,2.3219,4,19.78,548.6,60.13,1.0,0.0,39.769,0.8,True
Node043,0,5,4,0.00347,0.4,0.2,0.2,1.9219,5,51.48,1178.4,59.83,1.0,0.0,102.86,1.0,False
Node019_Sybil01,3,2,4,0.02675,0.4,0.0,0.2,1.9219,5,24.97,999.6,55.03,1.0,0.0,148.3859,1.0,True
Node006_Sybil00,3,2,5,0.0,0.2,0.4,0.2,2.3219,5,18.16,1316.8,51.35,1.0,0.0,120.6161,1.0,True
Node003,2,3,5,0.02381,0.2,0.2,0.2,2.3219,5,123.73,1174.8,60.22,1.0,0.0,242.7621,1.0,False
Node003,5,0,5,0.0,0.2,0.6,0.0,2.3219,5,236.34,897.0,74.82,1.0,0.4,147.0554,1.0,False
Node046_Sybil00,0,5,5,0.02478,0.2,0.4,0.2,2.3219,5,45.11,958.4,62.4,1.0,0.0,173.9612,1.0,True
Node026_Sybil00,5,0,3,0.0,0.4,0.0,0.2,1.5219,5,35.23,1238.8,60.07,1.0,0.0,42.1379,1.0,True
Node013,2,3,5,0.00359,0.2,0.0,0.4,2.3219,5,239.76,1298.0,80.86,1.0,0.4,95.6562,1.0,False
Node006_Sybil00,0,5,4,0.00362,0.4,0.2,0.2,1.9219,5,87.43,684.8,63.04,1.0,0.0,384.9673,1.0,True
Node033,0,5,3,0.00244,0.6,0.0,0.0,1.371,5,32.46,828.6,38.52,1.0,0.0,77.7683,1.0,False
Node023,1,4,4,0.0045,0.4,0.4,0.0,1.9219,5,42.25,1367.0,48.61,1.0,0.0,236.6285,1.0,False
Node006_Sybil00,5,0,1,0.0,1.0,1.0,0.0,0.0,5,24.15,1525.8,49.55,1.0,0.0,60.4977,1.0,True
Node036_Sybil00,4,1,1,0.02953,1.0,0.0,1.0,0.0,5,23.84,726.2,50.86,1.0,0.0,161.479,1.0,True
Node049_Sybil01,5,0,3,0.0,0.4,0.4,0.2,1.5219,5,28.91,954.4,52.83,1.0,0.0,100.501,1.0,True
Node039_Sybil01,5,0,4,0.0,0.4,0.4,0.0,1.9219,5,16.85,848.2,48.94,1.0,0.0,193.1629,1.0,True
Node043,5,0,4,0.0,0.4,0.2,0.0,1.9219,5,203.5,1176.4,87.49,1.0,0.0,43.517,1.0,False
Node033,5,0,5,0.0,0.2,0.2,0.2,2.3219,5,195.38,879.8,72.35,1.0,0.0,42.145,1.0,False
Node049_Sybil01,0,5,4,0.00348,0.4,0.2,0.0,1.9219,5,157.85,1088.6,69.81,1.0,0.2,347.5694,1.0,True
Node039_Sybil01,0,5,5,0.00225,0.2,0.2,0.2,2.3219,5,56.07,1203.2,56.32,1.0,0.0,196.0102,1.0,True
Node039_Sybil01,5,0,3,0.0,0.4,0.8,0.0,1.5219,5,31.21,1400.8,52.79,1.0,0.0,85.0392,1.0,True
Node026_Sybil00,5,0,3,0.0,0.4,0.0,0.2,1.5219,5,29.21,1060.8,51.99,1.0,0.0,155.6476,1.0,True
Node033,1,4,4,0.00362,0.4,0.4,0.0,1.9219,5,111.9,1326.0,61.5,1.0,0.2,397.5065,1.0,False
Node023,5,0,3,0.0,0.4,0.0,0.4,1.5219,5,235.88,1256.0,82.94,1.0,0.2,28.176,1.0,False
Node033,2,3,4,0.0,0.4,0.2,0.4,1.9219,5,104.43,482.2,59.87,1.0,0.2,249.6035,1.0,False
Node026_Sybil00,0,5,3,0.0261,0.4,0.4,0.6,1.5219,5,101.65,1422.0,71.56,1.0,0.0,418.305,1.0,True
Node039_Sybil01,5,0,3,0.0,0.6,0.0,0.0,1.371,5,19.86,1191.6,54.32,1.0,0.0,75.5801,1.0,True
Node013,0,5,4,0.00118,0.4,0.2,0.4,1.9219,4,84.84,1017.0,64.3,1.0,0.0,150.3359,0.8,False
Node023,0,5,5,0.00389,0.2,0.6,0.0,2.3219,5,75.59,1013.4,64.74,1.0,0.0,274.1305,1.0,False
Node033,0,5,4,0.02485,0.4,0.6,0.2,1.9219,4,74.54,1582.8,63.4,1.0,0.0,409.3469,0.8,False
Node013,4,1,5,0.0,0.2,0.2,0.2,2.3219,5,177.47,1330.2,72.82,1.0,0.4,133.3363,1.0,False
Node023,0,5,5,0.02788,0.2,0.2,0.0,2.3219,5,52.57,1650.4,60.14,1.0,0.0,291.1412,1.0,False
Node009_Sybil01,5,0,1,0.0,1.0,1.0,0.0,0.0,5,29.51,957.0,50.64,1.0,0.0,134.7306,1.0,True
Node003,5,0,4,0.0,0.4,0.4,0.2,1.9219,5,151.81,1420.2,81.74,1.0,0.0,170.5136,1.0,False
Node043,1,4,3,0.02743,0.4,0.6,0.4,1.5219,5,102.14,811.0,57.88,1.0,0.0,358.1723,1.0,False
Node043,3,2,5,0.02866,0.2,0.4,0.2,2.3219,5,179.77,864.0,74.42,1.0,0.4,434.0471,1.0,False
Node039_Sybil01,3,2,4,0.02675,0.4,0.6,0.0,1.9219,5,59.31,1399.8,48.27,1.0,0.0,281.1658,1.0,True
Node019_Sybil01,5,0,2,0.0,0.6,0.0,0.4,0.971,5,25.98,985.4,55.26,1.0,0.0,140.0927,1.0,True
Node013,5,0,4,0.0,0.4,0.0,0.0,1.9219,5,170.25,1186.0,83.71,1.0,0.0,96.8645,1.0,False
Node013,0,5,4,0.00266,0.4,0.4,0.0,1.9219,5,47.29,1316.8,54.26,1.0,0.0,246.6922,1.0,False
Node043,2,3,4,0.001,0.4,0.4,0.4,1.9219,5,147.79,1342.4,67.44,1.0,0.2,418.08,1.0,False
Node023,1,4,4,0.02636,0.4,0.4,0.2,1.9219,5,167.64,1179.2,63.75,1.0,0.4,419.3768,1.0,False
Node023,2,3,3,0.00279,0.6,0.0,0.8,1.371,5,91.95,1392.0,62.87,1.0,0.0,283.5124,1.0,False
Node016_Sybil00,1,4,4,0.00166,0.4,0.4,0.2,1.9219,4,69.17,766.8,58.76,1.0,0.0,458.3516,0.8,True
Node003,5,0,4,0.0,0.4,0.0,0.4,1.9219,5,207.32,1162.8,79.54,1.0,0.2,185.7414,1.0,False
Node039_Sybil01,5,0,5,0.0,0.2,0.4,0.0,2.3219,5,26.33,700.4,49.95,1.0,0.0,99.4029,1.0,True
Node026_Sybil00,2,3,4,0.00166,0.4,0.2,0.2,1.9219,3,76.0,849.0,51.62,1.0,0.2,257.5755,0.6,True
Node023,5,0,5,0.0,0.2,0.2,0.2,2.3219,5,241.51,1169.8,81.57,1.0,0.6,27.4134,1.0,False
Node043,0,5,4,0.00265,0.4,0.6,0.2,1.9219,5,109.97,1285.8,68.34,1.0,0.2,363.7881,1.0,False
Node009_Sybil01,4,1,3,0.00272,0.4,0.4,0.6,1.5219,5,20.65,1467.0,57.83,1.0,0.0,122.1378,1.0,True
Node003,0,5,4,0.0043,0.4,0.4,0.2,1.9219,5,73.32,1301.8,49.5,1.0,0.2,203.5263,1.0,False
Node043,0,5,5,0.00162,0.2,0.0,0.2,2.3219,5,73.55,1053.2,62.64,1.0,0.0,702.5948,1.0,False
Node033,5,0,4,0.0,0.4,0.0,0.4,1.9219,5,194.0,697.6,77.4,1.0,0.2,185.6068,1.0,False
Node016_Sybil00,1,4,4,0.02746,0.4,0.2,0.0,1.9219,5,54.94,849.0,59.63,1.0,0.0,288.6021,1.0,True
Node033,5,0,5,0.0,0.2,0.2,0.0,2.3219,5,208.49,1132.6,78.99,1.0,0.2,199.027,1.0,False
Node023,0,5,3,0.00158,0.6,0.4,0.0,1.371,5,74.18,1547.0,61.57,1.0,0.0,637.2838,1.0,False
Node009_Sybil01,4,1,4,0.00087,0.4,0.2,0.4,1.9219,5,49.31,1523.0,68.14,1.0,0.0,192.8978,1.0,True
Node016_Sybil00,0,5,4,0.02591,0.4,0.4,0.2,1.9219,5,56.51,667.0,61.72,1.0,0.0,381.0059,1.0,True
Node009_Sybil01,5,0,3,0.0,0.6,0.6,0.2,1.371,5,26.12,1055.2,44.52,1.0,0.0,184.6299,1.0,True
Node009_Sybil01,5,0,3,0.0,0.4,0.4,0.2,1.5219,5,28.83,738.0,60.56,1.0,0.0,4.6618,1.0,True
Node023,2,3,4,0.00087,0.4,0.6,0.0,1.9219,5,124.89,1173.8,67.1,1.0,0.2,507.309,1.0,False
Node033,3,2,4,0.0,0.4,0.2,0.4,1.9219,5,156.55,1570.6,72.55,1.0,0.2,434.5749,1.0,False
Node043,5,0,4,0.0,0.4,0.0,0.4,1.9219,5,219.85,365.0,86.3,1.0,0.4,68.7454,1.0,False
Node039_Sybil01,0,5,4,0.02887,0.4,0.2,0.2,1.9219,5,67.29,1756.8,60.06,1.0,0.2,24.5017,1.0,True
Node039_Sybil01,0,5,3,0.00224,0.6,1.0,0.0,1.371,4,81.56,1086.0,50.62,1.0,0.2,189.6949,0.8,True
Node046_Sybil00,0,5,4,0.00268,0.4,0.2,0.0,1.9219,5,29.44,996.8,57.05,1.0,0.0,39.8515,1.0,True
Node036_Sybil00,5,0,2,0.0,0.6,0.0,0.0,0.971,5,32.08,1658.6,52.47,1.0,0.0,109.8866,1.0,True
Node016_Sybil00,4,1,4,0.00173,0.4,0.0,0.4,1.9219,5,32.41,1260.4,49.77,1.0,0.0,136.3827,1.0,True
