node_id,sent_total,received_total,protocol_diversity,message_burstiness,dominant_protocol_ratio,mqtt_ratio,discovery_ratio,protocol_entropy,unique_peers,avg_latency,avg_msg_size,avg_energy,avg_enr_similarity_realistic,is_sybil
Node026,5,0,3,0.0,0.4,0.2,0.0,1.5219,5,192.63,990.6,77.45,1.0,False
Node039_Sybil00,5,0,4,0.0,0.4,0.4,0.0,1.9219,5,27.37,1244.0,50.6,1.0,True
Node022_Sybil01,0,5,5,0.03287,0.2,0.4,0.0,2.3219,5,75.81,726.8,59.83,1.0,True
Node006,5,0,5,0.0,0.2,0.0,0.2,2.3219,5,178.83,1302.8,77.51,1.0,False
Node002_Sybil01,5,0,3,0.0,0.6,0.6,0.2,1.371,4,31.32,1154.8,50.92,1.0,True
Node032_Sybil01,1,4,4,0.00083,0.4,0.0,0.4,1.9219,4,86.78,1094.4,61.69,1.0,True
Node042_Sybil01,0,5,4,0.0,0.4,0.6,0.0,1.9219,4,78.08,472.8,64.29,1.0,True
Node049_Sybil00,0,5,3,4e-05,0.6,0.4,0.0,1.371,5,12.57,1251.6,52.76,1.0,True
Node036,5,0,3,0.00043,0.4,0.0,0.0,1.5219,5,142.83,679.2,83.84,1.0,False
Node049_Sybil00,1,4,4,0.02294,0.4,0.8,0.2,1.9219,5,65.82,987.2,54.02,1.0,True
Node026,5,0,5,0.0,0.2,0.4,0.4,2.3219,5,228.98,786.4,80.67,1.0,False
Node006,1,4,5,0.02381,0.2,0.4,0.0,2.3219,5,86.59,1684.0,56.45,1.0,False
Node022_Sybil01,5,0,2,0.0,0.6,0.0,0.6,0.971,5,31.58,825.4,44.77,1.0,True
Node002_Sybil01,5,0,2,0.0,0.6,0.6,0.4,0.971,5,30.74,1254.2,39.89,1.0,True
Node032_Sybil01,5,0,2,0.0,0.8,0.0,0.2,0.7219,5,26.61,1111.8,52.83,1.0,True
Node006,0,5,3,0.00162,0.6,0.2,0.0,1.371,5,84.27,1335.0,69.15,1.0,False
Node046,0,5,4,0.00052,0.4,0.4,0.2,1.9219,5,47.73,1207.2,54.33,1.0,False
Node039_Sybil00,5,0,3,0.0,0.4,0.6,0.0,1.5219,5,16.75,1086.4,44.21,1.0,True
Node019_Sybil00,5,0,2,0.0,0.8,0.8,0.2,0.7219,5,16.1,1298.4,51.82,1.0,True
Node046,5,0,4,0.0,0.4,0.4,0.0,1.9219,5,222.25,1349.6,71.46,1.0,False
Node006,4,1,4,0.0004,0.4,0.0,0.6,1.9219,5,251.75,1455.2,76.6,1.0,False
Node016,2,3,5,0.00083,0.2,0.2,0.2,2.3219,5,105.09,1007.0,73.88,1.0,False
Node006,1,4,4,0.02683,0.4,0.2,0.2,1.9219,5,76.45,1109.6,64.18,1.0,False
Node022_Sybil01,1,4,3,0.0013,0.4,0.0,0.2,1.5219,5,32.52,1346.6,47.33,1.0,True
Node022_Sybil01,3,2,3,0.00164,0.6,0.0,0.2,1.371,5,51.8,877.2,56.7,1.0,True
Node036,0,5,4,0.0241,0.4,0.2,0.4,1.9219,5,117.02,1285.8,71.1,1.0,False
Node049_Sybil00,5,0,2,0.0,0.8,0.0,0.0,0.7219,5,31.69,1314.0,42.78,1.0,True
Node026,5,0,5,0.0,0.2,0.0,0.2,2.3219,5,252.93,762.4,86.81,1.0,False
Node026,5,0,5,0.0,0.2,0.4,0.2,2.3219,5,167.57,646.8,75.21,1.0,False
Node009_Sybil00,0,5,5,0.00131,0.2,0.2,0.2,2.3219,5,42.9,718.6,53.28,1.0,True
Node046,5,0,4,0.0,0.4,0.0,0.0,1.9219,5,184.44,1022.8,83.57,1.0,False
Node046,0,5,4,0.00043,0.4,0.4,0.4,1.9219,5,27.91,1111.8,47.35,1.0,False
Node036,2,3,5,0.00089,0.2,0.2,0.0,2.3219,5,144.61,1016.2,65.81,1.0,False
Node049_Sybil00,5,0,3,0.0,0.4,0.6,0.0,1.5219,5,38.19,1055.4,50.51,1.0,True
Node036,1,4,5,0.0013,0.2,0.2,0.2,2.3219,4,124.26,931.8,68.71,1.0,False
Node026,5,0,3,0.0,0.4,0.2,0.4,1.5219,5,181.03,1261.4,78.04,1.0,False
Node042_Sybil01,0,5,4,0.00083,0.4,0.4,0.0,1.9219,3,20.41,1260.4,46.97,1.0,True
Node046,0,5,4,0.00108,0.4,0.2,0.4,1.9219,5,84.61,1016.8,68.07,1.0,False
Node009_Sybil00,0,5,3,0.00123,0.4,0.0,0.4,1.5219,5,86.92,1019.2,58.33,1.0,True
Node049_Sybil00,4,1,4,0.02754,0.4,0.2,0.0,1.9219,5,46.1,842.4,56.17,1.0,True
Node032_Sybil01,0,5,4,0.0,0.4,0.6,0.0,1.9219,5,70.39,931.2,47.76,1.0,True
Node009_Sybil00,0,5,3,0.02202,0.6,0.0,0.6,1.371,5,25.0,1213.2,38.91,1.0,True
Node022_Sybil01,4,1,4,0.0,0.4,0.2,0.2,1.9219,5,33.35,1438.0,57.33,1.0,True
Node006,0,5,4,0.00044,0.4,0.4,0.2,1.9219,5,18.57,1099.2,50.38,1.0,False
Node049_Sybil00,0,5,4,0.0013,0.4,0.6,0.0,1.9219,5,102.8,1028.6,60.21,1.0,True
Node029_Sybil00,2,3,5,0.00087,0.2,0.4,0.0,2.3219,5,82.23,1329.0,58.8,1.0,True
Node046,0,5,5,0.00043,0.2,0.2,0.2,2.3219,4,82.21,863.8,64.97,1.0,False
Node016,0,5,5,0.02742,0.2,0.2,0.4,2.3219,5,107.97,1137.8,67.39,1.0,False
Node036,5,0,5,0.00043,0.2,0.2,0.2,2.3219,5,148.1,958.0,78.94,1.0,False
Node002_Sybil01,4,1,2,0.00039,0.8,0.8,0.0,0.7219,5,53.04,1521.8,62.77,1.0,True
Node026,5,0,5,0.0,0.2,0.0,0.4,2.3219,5,247.2,1319.6,82.45,1.0,False
Node006,4,1,5,0.02835,0.2,0.0,0.2,2.3219,4,142.23,720.0,77.06,1.0,False
Node009_Sybil00,5,0,2,0.0,0.6,0.0,0.6,0.971,5,42.61,1154.2,49.08,1.0,True
Node046,5,0,5,0.0,0.2,0.0,0.2,2.3219,5,189.85,1292.4,78.24,1.0,False
Node006,5,0,4,0.0,0.4,0.0,0.0,1.9219,5,239.66,1130.2,80.71,1.0,False
Node012_Sybil01,0,5,4,0.02625,0.4,0.2,0.0,1.9219,4,66.77,1060.6,55.27,1.0,True
Node006,3,2,5,0.00051,0.2,0.2,0.2,2.3219,5,210.05,1118.2,62.01,1.0,False
Node012_Sybil01,3,2,3,0.0005,0.6,0.6,0.4,1.371,5,84.54,924.6,49.11,1.0,True
Node039_Sybil00,3,2,3,0.00043,0.6,0.8,0.0,1.371,5,63.58,1707.0,50.18,1.0,True
Node046,2,3,5,0.02524,0.2,0.2,0.4,2.3219,5,135.81,1031.0,66.83,1.0,False
Node036,5,0,3,0.0,0.4,0.0,0.2,1.5219,5,190.48,608.0,84.23,1.0,False
Node012_Sybil01,4,1,1,0.00044,1.0,1.0,0.0,0.0,5,64.79,875.0,58.76,1.0,True
Node026,3,2,5,0.00087,0.2,0.4,0.0,2.3219,5,196.72,982.8,71.32,1.0,False
Node006,5,0,5,0.0,0.2,0.2,0.6,2.3219,5,204.6,1148.6,76.78,1.0,False
Node026,5,0,4,0.0,0.4,0.0,0.2,1.9219,4,148.0,1091.0,72.77,1.0,False
Node046,1,4,5,0.03243,0.2,0.4,0.2,2.3219,5,110.37,769.2,62.71,1.0,False
Node039_Sybil00,0,5,4,0.0242,0.4,0.4,0.2,1.9219,5,42.81,1040.6,55.25,1.0,True
Node046,0,5,4,0.00086,0.4,0.0,0.4,1.9219,5,160.62,1229.0,73.76,1.0,False
Node002_Sybil01,4,1,3,0.00043,0.6,0.8,0.2,1.371,5,28.24,978.2,49.35,1.0,True
Node002_Sybil01,5,0,3,0.0,0.6,0.6,0.2,1.371,5,28.98,1110.4,52.21,1.0,True
Node026,0,5,5,0.00044,0.2,0.4,0.4,2.3219,5,142.4,985.0,64.7,1.0,False
Node012_Sybil01,3,2,2,0.00042,0.6,0.6,0.0,0.971,5,29.84,943.6,43.31,1.0,True
Node019_Sybil00,0,5,5,0.02295,0.2,0.0,0.2,2.3219,5,153.93,1262.6,69.47,1.0,True
Node016,4,1,4,0.00043,0.4,0.8,0.2,1.9219,4,133.56,1413.8,66.54,1.0,False
Node032_Sybil01,0,5,4,0.0008,0.4,0.0,0.6,1.9219,5,108.23,1290.8,59.09,1.0,True
Node022_Sybil01,1,4,4,0.0008,0.4,0.0,0.0,1.9219,5,31.26,1124.8,46.98,1.0,True
Node026,0,5,4,0.00086,0.4,0.8,0.2,1.9219,5,107.33,759.0,62.79,1.0,False
Node036,5,0,5,0.0,0.2,0.2,0.2,2.3219,5,185.71,1405.6,81.7,1.0,False
Node019_Sybil00,5,0,2,0.0,0.6,0.6,0.0,0.971,5,25.42,1196.2,60.52,1.0,True
Node046,5,0,5,0.0,0.2,0.0,0.2,2.3219,5,218.56,895.4,73.05,1.0,False
Node006,0,5,4,0.0005,0.4,0.0,0.0,1.9219,4,132.31,1133.6,60.84,1.0,False
Node026,4,1,5,0.00043,0.2,0.2,0.4,2.3219,5,199.45,751.2,70.57,1.0,False
Node036,5,0,5,0.0,0.2,0.0,0.2,2.3219,5,161.86,1338.2,79.64,1.0,False
Node046,5,0,3,0.0,0.6,0.0,0.8,1.371,5,159.01,790.0,75.1,1.0,False
Node022_Sybil01,4,1,3,0.00087,0.4,0.2,0.4,1.5219,5,31.3,1029.4,43.08,1.0,True
Node032_Sybil01,5,0,3,0.0,0.6,0.0,0.6,1.371,5,42.18,931.0,39.59,1.0,True
Node016,3,2,5,0.0005,0.2,0.2,0.2,2.3219,5,180.17,1030.6,74.65,1.0,False
Node009_Sybil00,0,5,4,0.02218,0.4,0.6,0.0,1.9219,5,78.03,1644.2,58.43,1.0,True
Node039_Sybil00,5,0,3,0.0,0.4,0.8,0.0,1.5219,5,24.61,1215.6,53.55,1.0,True
Node049_Sybil00,0,5,5,0.0,0.2,0.2,0.2,2.3219,5,45.84,807.6,57.64,1.0,True
Node022_Sybil01,5,0,3,0.0,0.4,0.0,0.4,1.5219,5,31.71,1581.8,46.91,1.0,True
Node019_Sybil00,0,5,3,0.00048,0.4,0.0,0.4,1.5219,5,145.77,647.2,63.26,1.0,True
Node016,4,1,4,0.0,0.4,0.0,0.2,1.9219,5,146.7,1293.0,75.88,1.0,False
Node022_Sybil01,5,0,3,0.0,0.4,0.0,0.2,1.5219,5,22.14,1343.8,56.54,1.0,True
Node039_Sybil00,5,0,4,0.0,0.4,0.6,0.0,1.9219,5,31.38,781.4,42.79,1.0,True
Node016,5,0,4,0.0,0.4,0.6,0.0,1.9219,5,158.44,1098.4,80.05,1.0,False
Node006,0,5,5,0.0023,0.2,0.2,0.4,2.3219,5,116.81,1035.0,68.83,1.0,False
Node039_Sybil00,5,0,3,0.0,0.4,0.0,0.0,1.5219,5,29.9,1031.8,58.99,1.0,True
Node042_Sybil01,2,3,4,0.02436,0.4,0.4,0.2,1.9219,5,69.39,971.0,56.15,1.0,True
Node049_Sybil00,3,2,5,0.00249,0.2,0.2,0.4,2.3219,5,40.06,636.2,53.85,1.0,True
Node026,0,5,5,0.02606,0.2,0.2,0.2,2.3219,5,110.58,899.2,55.98,1.0,False
Node016,5,0,5,0.0,0.2,0.4,0.4,2.3219,5,234.12,767.6,81.66,1.0,False
Node026,5,0,4,0.0,0.4,0.2,0.4,1.9219,5,233.13,1002.0,73.11,1.0,False
Node002_Sybil01,3,2,3,0.03118,0.4,0.4,0.0,1.5219,4,20.01,921.8,46.76,1.0,True
Node019_Sybil00,2,3,4,0.0005,0.4,0.4,0.2,1.9219,4,19.99,1243.6,53.89,1.0,True
Node036,5,0,3,0.0,0.6,0.6,0.0,1.371,5,169.04,974.2,80.45,1.0,False
Node006,2,3,4,0.00164,0.4,0.0,0.4,1.9219,5,148.59,1228.6,60.02,1.0,False
Node016,3,2,4,0.001,0.4,0.4,0.2,1.9219,5,172.12,1390.6,64.31,1.0,False
Node012_Sybil01,2,3,4,0.0016,0.4,0.4,0.0,1.9219,5,57.54,1101.2,65.9,1.0,True
Node012_Sybil01,0,5,3,0.00179,0.4,0.4,0.0,1.5219,5,58.89,1151.0,53.88,1.0,True
Node022_Sybil01,0,5,2,0.00043,0.8,0.8,0.2,0.7219,4,27.1,988.8,48.18,1.0,True
Node002_Sybil01,5,0,3,0.0,0.6,0.6,0.2,1.371,5,19.86,763.4,51.98,1.0,True
Node046,0,5,4,0.00051,0.4,0.4,0.2,1.9219,5,116.43,1122.2,57.41,1.0,False
Node049_Sybil00,5,0,5,0.0,0.2,0.4,0.0,2.3219,5,23.97,993.6,52.75,1.0,True
Node006,0,5,4,0.00307,0.4,0.4,0.2,1.9219,5,25.18,1075.8,44.1,1.0,False
Node022_Sybil01,0,5,4,0.0013,0.4,0.4,0.0,1.9219,5,101.13,1063.2,61.37,1.0,True
Node026,5,0,4,0.0,0.4,0.6,0.2,1.9219,5,171.2,1420.8,72.37,1.0,False
Node032_Sybil01,0,5,4,0.03419,0.4,0.6,0.0,1.9219,5,48.77,633.4,48.76,1.0,True
Node042_Sybil01,3,2,3,0.00177,0.4,0.2,0.0,1.5219,5,33.99,1584.4,48.31,1.0,True
Node009_Sybil00,4,1,3,0.02921,0.4,0.0,0.4,1.5219,5,26.55,1246.4,62.77,1.0,True
Node046,5,0,5,0.0,0.2,0.0,0.0,2.3219,5,199.66,1082.4,81.42,1.0,False
Node006,1,4,4,0.00205,0.4,0.4,0.2,1.9219,5,116.77,640.2,66.56,1.0,False
Node039_Sybil00,0,5,5,0.00083,0.2,0.2,0.0,2.3219,4,141.92,1314.8,62.81,1.0,True
Node006,5,0,4,0.0,0.4,0.2,0.6,1.9219,5,188.21,901.6,74.16,1.0,False
Node006,3,2,5,0.00377,0.2,0.2,0.2,2.3219,5,161.66,941.2,82.46,1.0,False
Node026,5,0,5,0.0,0.2,0.0,0.4,2.3219,5,180.09,1217.2,85.29,1.0,False
Node039_Sybil00,0,5,5,0.00083,0.2,0.2,0.0,2.3219,5,47.67,1092.6,49.1,1.0,True
Node026,0,5,4,0.0,0.4,0.6,0.0,1.9219,5,69.29,1273.0,66.27,1.0,False
Node036,0,5,3,0.02275,0.6,0.8,0.2,1.371,5,26.98,794.4,51.12,1.0,False
Node026,1,4,5,0.00082,0.2,0.2,0.0,2.3219,5,196.84,819.2,80.41,1.0,False
Node039_Sybil00,1,4,3,0.02193,0.6,0.2,0.0,1.371,5,99.19,1623.0,60.25,1.0,True
Node036,0,5,4,0.00085,0.4,0.6,0.2,1.9219,4,147.12,1370.6,63.52,1.0,False
Node029_Sybil00,0,5,5,0.00209,0.2,0.0,0.4,2.3219,5,129.32,1159.4,75.96,1.0,True
Node012_Sybil01,5,0,2,0.0,0.8,0.8,0.2,0.7219,4,32.06,1436.0,50.75,1.0,True
Node019_Sybil00,3,2,3,0.00052,0.6,0.6,0.2,1.371,5,83.9,1465.6,50.01,1.0,True
Node026,0,5,4,0.00088,0.4,0.2,0.4,1.9219,5,72.22,1077.8,54.92,1.0,False
Node019_Sybil00,1,4,4,0.02665,0.4,0.4,0.2,1.9219,5,50.3,972.4,52.18,1.0,True
Node029_Sybil00,5,0,4,0.0,0.4,0.8,0.0,1.9219,5,28.37,1009.6,44.13,1.0,True
Node016,0,5,5,0.02423,0.2,0.2,0.4,2.3219,5,105.15,1059.6,64.67,1.0,False
Node039_Sybil00,4,1,4,0.00087,0.4,0.6,0.0,1.9219,5,23.94,525.4,46.36,1.0,True
Node046,1,4,5,0.0005,0.2,0.4,0.0,2.3219,5,76.38,777.4,63.36,1.0,False
Node026,3,2,4,0.0,0.4,0.2,0.0,1.9219,5,215.65,1258.8,80.47,1.0,False
Node029_Sybil00,4,1,4,0.0,0.4,0.4,0.0,1.9219,5,33.26,802.2,49.05,1.0,True
Node012_Sybil01,5,0,3,0.0,0.6,0.6,0.2,1.371,5,35.35,1012.2,52.94,1.0,True
Node046,5,0,4,0.0,0.4,0.2,0.4,1.9219,5,190.14,1157.0,79.36,1.0,False
Node009_Sybil00,1,4,5,0.0019,0.2,0.2,0.0,2.3219,5,56.01,1405.2,57.32,1.0,True
Node042_Sybil01,5,0,4,0.0,0.4,0.8,0.0,1.9219,5,40.14,801.8,48.57,1.0,True
Node036,4,1,4,0.0,0.4,0.0,0.0,1.9219,5,170.2,1321.4,77.84,1.0,False
Node016,0,5,3,0.02625,0.6,0.0,0.4,1.371,5,68.74,922.0,57.0,1.0,False
Node029_Sybil00,0,5,3,0.02233,0.6,0.6,0.2,1.371,5,88.06,1162.0,62.16,1.0,True
Node036,5,0,4,0.0,0.4,0.0,0.4,1.9219,5,198.11,1047.4,79.61,1.0,False
Node026,5,0,5,0.0,0.2,0.2,0.0,2.3219,5,167.79,693.2,91.73,1.0,False
Node002_Sybil01,1,4,3,0.00083,0.6,0.4,0.0,1.371,5,24.39,1139.0,47.71,1.0,True
Node036,2,3,4,0.0005,0.4,0.0,0.6,1.9219,5,173.48,761.0,78.8,1.0,False
Node022_Sybil01,4,1,4,0.00047,0.4,0.0,0.4,1.9219,5,58.84,1331.6,60.72,1.0,True
Node016,4,1,4,0.00087,0.4,0.6,0.0,1.9219,5,173.95,1083.2,77.71,1.0,False
Node036,1,4,4,0.0248,0.4,0.4,0.2,1.9219,5,99.39,1187.0,75.05,1.0,False
Node026,5,0,5,0.0,0.2,0.0,0.6,2.3219,5,209.38,1235.2,77.68,1.0,False
Node002_Sybil01,0,5,4,0.001,0.4,0.4,0.0,1.9219,5,100.79,677.4,65.69,1.0,True
Node046,0,5,3,0.00198,0.4,0.4,0.6,1.5219,5,81.38,1034.2,61.09,1.0,False
Node012_Sybil01,5,0,2,0.0,0.8,0.8,0.2,0.7219,5,30.08,1430.4,44.89,1.0,True
Node022_Sybil01,4,1,3,0.00091,0.4,0.2,0.0,1.5219,5,34.85,1497.6,49.89,1.0,True
Node012_Sybil01,1,4,4,0.02424,0.4,0.4,0.2,1.9219,5,27.71,1254.8,58.12,1.0,True
Node006,1,4,5,0.00052,0.2,0.2,0.4,2.3219,5,75.61,1286.2,61.07,1.0,False
Node026,4,1,5,0.00087,0.2,0.2,0.2,2.3219,5,133.51,907.8,76.1,1.0,False
Node022_Sybil01,4,1,3,0.0,0.4,0.0,0.4,1.5219,5,32.45,1363.0,57.06,1.0,True
Node046,5,0,3,0.0,0.4,0.6,0.0,1.5219,5,235.96,1274.8,76.47,1.0,False
Node036,4,1,5,0.00048,0.2,0.2,0.4,2.3219,5,148.3,1078.6,70.55,1.0,False
Node006,1,4,4,0.00087,0.4,0.4,0.0,1.9219,5,94.84,806.0,64.53,1.0,False
Node046,0,5,5,0.0231,0.2,0.2,0.2,2.3219,5,117.3,586.2,72.03,1.0,False
Node026,2,3,3,0.00084,0.6,0.8,0.0,1.371,5,104.19,961.2,56.92,1.0,False
Node036,0,5,4,0.00086,0.4,0.4,0.4,1.9219,5,107.33,1031.0,62.38,1.0,False
Node042_Sybil01,0,5,5,0.02677,0.2,0.0,0.0,2.3219,4,132.84,965.4,81.14,1.0,True
Node026,0,5,4,0.0009,0.4,0.6,0.4,1.9219,5,96.37,1357.0,57.57,1.0,False
Node046,0,5,3,0.00087,0.4,0.4,0.0,1.5219,5,73.11,1079.0,66.54,1.0,False
Node009_Sybil00,5,0,3,0.0,0.4,0.0,0.4,1.5219,5,30.27,1036.4,52.91,1.0,True
Node032_Sybil01,5,0,2,0.0,0.6,0.0,0.4,0.971,5,28.85,1029.4,46.91,1.0,True
Node039_Sybil00,4,1,3,0.00172,0.6,0.4,0.0,1.371,5,42.37,1028.8,51.11,1.0,True
Node006,5,0,5,0.0,0.2,0.6,0.2,2.3219,5,185.65,908.4,77.45,1.0,False
Node029_Sybil00,5,0,5,0.0,0.2,0.4,0.0,2.3219,5,30.42,1083.8,50.2,1.0,True
Node006,4,1,5,0.0008,0.2,0.0,0.4,2.3219,5,208.8,927.0,85.37,1.0,False
Node046,5,0,3,0.0,0.4,0.4,0.2,1.5219,5,142.54,1384.0,79.49,1.0,False
Node032_Sybil01,5,0,3,0.0,0.4,0.0,0.2,1.5219,5,33.83,800.6,57.29,1.0,True
Node012_Sybil01,0,5,4,0.00071,0.4,0.2,0.4,1.9219,5,46.27,737.8,57.6,1.0,True
Node036,0,5,5,0.02394,0.2,0.4,0.0,2.3219,5,73.81,1034.0,53.75,1.0,False
Node026,0,5,4,0.0015,0.4,0.6,0.0,1.9219,5,145.83,881.0,68.51,1.0,False
Node019_Sybil00,1,4,4,0.00045,0.4,0.4,0.0,1.9219,5,16.12,912.6,44.2,1.0,True
Node049_Sybil00,0,5,5,0.00122,0.2,0.6,0.2,2.3219,5,32.96,979.8,44.78,1.0,True
Node006,0,5,5,0.02521,0.2,0.2,0.2,2.3219,5,90.81,797.6,60.99,1.0,False
Node019_Sybil00,5,0,2,0.0,0.8,0.8,0.0,0.7219,4,34.63,1189.8,47.34,1.0,True
Node049_Sybil00,1,4,5,0.00121,0.2,0.6,0.0,2.3219,5,52.96,1020.8,57.74,1.0,True
Node036,4,1,4,0.02741,0.4,0.0,0.4,1.9219,5,159.1,1019.6,79.93,1.0,False
Node026,2,3,4,0.02877,0.4,0.0,0.4,1.9219,5,109.77,892.8,53.05,1.0,False
Node006,3,2,4,0.0005,0.4,0.4,0.4,1.9219,5,139.87,918.6,64.07,1.0,False
Node019_Sybil00,0,5,5,0.02771,0.2,0.2,0.4,2.3219,5,68.35,1262.0,57.73,1.0,True
Node006,0,5,4,0.00087,0.4,0.2,0.4,1.9219,5,111.19,1342.0,48.91,1.0,False
Node046,5,0,4,0.0,0.4,0.0,0.2,1.9219,5,200.82,666.0,79.18,1.0,False
Node026,5,0,5,0.0,0.2,0.0,0.4,2.3219,5,212.27,1388.4,84.29,1.0,False
Node006,4,1,5,0.00043,0.2,0.0,0.4,2.3219,5,203.81,1192.2,80.11,1.0,False
Node036,5,0,4,0.0,0.4,0.0,0.2,1.9219,5,216.75,1426.0,83.88,1.0,False
Node016,5,0,4,0.0,0.4,0.0,0.6,1.9219,5,182.51,873.8,75.35,1.0,False
Node022_Sybil01,3,2,3,0.0005,0.4,0.2,0.4,1.5219,5,42.94,1048.4,59.87,1.0,True
Node026,0,5,5,0.03506,0.2,0.2,0.4,2.3219,5,148.58,1119.0,68.23,1.0,False
Node002_Sybil01,1,4,5,0.02523,0.2,0.2,0.2,2.3219,5,137.5,774.2,69.68,1.0,True
Node006,3,2,5,0.00164,0.2,0.4,0.2,2.3219,4,135.87,978.4,65.24,1.0,False
Node039_Sybil00,5,0,5,0.0,0.2,0.6,0.0,2.3219,5,21.13,943.8,49.76,1.0,True
Node016,3,2,3,0.00083,0.4,0.4,0.0,1.5219,5,154.26,925.0,66.0,1.0,False
Node026,2,3,5,0.00164,0.2,0.4,0.2,2.3219,5,76.0,793.6,73.25,1.0,False
Node016,5,0,4,0.0,0.4,0.2,0.2,1.9219,5,175.81,720.4,77.32,1.0,False
Node022_Sybil01,0,5,4,0.00083,0.4,0.4,0.0,1.9219,5,51.95,1275.6,52.97,1.0,True
Node046,3,2,5,0.02475,0.2,0.4,0.2,2.3219,5,206.33,1333.4,77.17,1.0,False
Node006,0,5,5,0.00111,0.2,0.4,0.4,2.3219,5,112.21,1067.8,64.81,1.0,False
Node046,2,3,5,0.0267,0.2,0.2,0.2,2.3219,5,95.56,1120.8,59.56,1.0,False
Node012_Sybil01,5,0,2,0.00043,0.8,0.8,0.2,0.7219,5,16.07,1032.4,49.33,1.0,True
Node002_Sybil01,5,0,3,0.0,0.6,0.6,0.2,1.371,5,28.58,1344.6,56.85,1.0,True
Node046,4,1,5,0.0,0.2,0.2,0.2,2.3219,5,218.89,1456.8,81.21,1.0,False
Node049_Sybil00,4,1,4,0.0013,0.4,0.6,0.0,1.9219,5,26.17,907.6,42.54,1.0,True
Node009_Sybil00,1,4,4,0.00235,0.4,0.0,0.4,1.9219,5,95.96,1155.8,57.19,1.0,True
Node002_Sybil01,0,5,5,0.02732,0.2,0.4,0.2,2.3219,5,48.04,1287.4,53.75,1.0,True
Node029_Sybil00,0,5,5,0.00123,0.2,0.2,0.2,2.3219,5,98.44,1481.6,64.6,1.0,True
Node029_Sybil00,2,3,3,0.00043,0.4,0.4,0.0,1.5219,5,33.33,1091.6,45.48,1.0,True
Node006,4,1,5,0.02609,0.2,0.2,0.0,2.3219,5,214.81,1439.8,83.55,1.0,False
Node002_Sybil01,0,5,5,0.02548,0.2,0.2,0.2,2.3219,5,69.15,1042.8,56.64,1.0,True
Node046,5,0,4,0.0,0.4,0.6,0.0,1.9219,5,226.3,1156.8,83.33,1.0,False
Node036,5,0,5,0.0,0.2,0.2,0.4,2.3219,5,190.41,926.4,77.82,1.0,False
Node026,1,4,5,0.00043,0.2,0.0,0.4,2.3219,5,90.04,1266.2,63.71,1.0,False
Node042_Sybil01,0,5,5,0.00151,0.2,0.4,0.2,2.3219,5,140.85,1326.8,67.28,1.0,True
Node019_Sybil00,2,3,3,0.00164,0.6,0.6,0.2,1.371,5,30.71,1077.6,56.41,1.0,True
Node042_Sybil01,5,0,5,0.0,0.2,0.4,0.0,2.3219,5,19.6,941.6,53.56,1.0,True
Node036,3,2,5,0.0013,0.2,0.2,0.2,2.3219,5,151.29,1039.6,83.26,1.0,False
Node016,0,5,4,0.02302,0.4,0.2,0.0,1.9219,5,101.88,802.4,54.31,1.0,False
Node032_Sybil01,5,0,3,0.0,0.6,0.0,0.6,1.371,5,26.28,1322.4,53.2,1.0,True
Node022_Sybil01,3,2,4,0.0016,0.4,0.2,0.4,1.9219,5,82.38,854.6,60.35,1.0,True
Node046,4,1,5,0.00087,0.2,0.0,0.2,2.3219,4,161.04,1065.6,80.35,1.0,False
Node006,0,5,4,0.0,0.4,0.0,0.2,1.9219,5,104.33,788.0,71.97,1.0,False
Node026,1,4,4,0.0005,0.4,0.2,0.2,1.9219,5,101.56,1336.8,76.25,1.0,False
Node026,5,0,4,0.0,0.4,0.0,0.4,1.9219,5,223.03,1153.0,78.21,1.0,False
Node016,4,1,5,0.0,0.2,0.2,0.4,2.3219,5,165.2,875.8,78.37,1.0,False
Node016,1,4,3,0.00042,0.4,0.0,0.6,1.5219,5,129.14,570.2,64.41,1.0,False
Node032_Sybil01,4,1,3,0.0,0.6,0.2,0.6,1.371,4,64.79,816.6,53.16,1.0,True
Node049_Sybil00,5,0,4,0.0,0.4,0.6,0.0,1.9219,5,23.48,1127.6,52.57,1.0,True
Node016,1,4,4,0.00188,0.4,0.4,0.4,1.9219,5,89.37,1099.0,61.31,1.0,False
Node026,0,5,5,0.02725,0.2,0.4,0.4,2.3219,5,65.2,1457.6,62.6,1.0,False
Node019_Sybil00,5,0,2,0.0,0.6,0.6,0.0,0.971,5,21.44,502.6,55.11,1.0,True
Node019_Sybil00,5,0,3,0.0,0.6,0.6,0.2,1.371,5,34.23,571.6,53.82,1.0,True
Node002_Sybil01,3,2,3,0.001,0.6,0.6,0.0,1.371,5,38.2,912.2,50.01,1.0,True
Node032_Sybil01,5,0,2,0.0,0.8,0.0,0.8,0.7219,5,30.28,1213.8,49.25,1.0,True
Node032_Sybil01,4,1,3,0.00086,0.6,0.2,0.2,1.371,5,22.58,1479.2,50.59,1.0,True
Node036,0,5,5,0.00071,0.2,0.4,0.2,2.3219,5,68.77,733.8,60.57,1.0,False
Node042_Sybil01,0,5,4,0.00082,0.4,0.2,0.2,1.9219,5,76.04,1070.0,60.34,1.0,True
Node026,0,5,4,0.00085,0.4,0.6,0.0,1.9219,5,59.56,1154.6,69.37,1.0,False
Node042_Sybil01,4,1,3,0.00043,0.4,0.6,0.0,1.5219,5,23.04,945.4,41.54,1.0,True
Node022_Sybil01,2,3,5,0.0,0.2,0.0,0.2,2.3219,5,113.26,1248.8,61.04,1.0,True
Node026,5,0,5,0.0,0.2,0.2,0.4,2.3219,5,203.52,819.4,78.65,1.0,False
Node016,2,3,4,0.0,0.4,0.4,0.0,1.9219,5,124.12,691.8,61.52,1.0,False
Node049_Sybil00,5,0,3,0.0,0.6,0.2,0.0,1.371,5,26.52,1591.8,39.58,1.0,True
Node046,3,2,5,0.0,0.2,0.2,0.4,2.3219,5,143.41,814.6,63.5,1.0,False
Node006,4,1,5,0.00043,0.2,0.2,0.2,2.3219,5,168.56,961.2,71.68,1.0,False
Node029_Sybil00,3,2,3,0.02912,0.6,0.8,0.0,1.371,5,55.66,903.0,59.55,1.0,True
Node019_Sybil00,5,0,2,0.0,0.8,0.8,0.2,0.7219,5,30.3,668.6,41.96,1.0,True
Node039_Sybil00,5,0,3,0.0,0.4,0.6,0.0,1.5219,5,24.54,723.0,48.76,1.0,True
Node009_Sybil00,5,0,3,0.0,0.6,0.0,0.6,1.371,5,26.69,1481.6,46.82,1.0,True
Node006,2,3,4,0.00049,0.4,0.4,0.2,1.9219,5,112.14,999.6,56.36,1.0,False
Node026,0,5,5,0.0242,0.2,0.4,0.2,2.3219,5,110.4,1272.4,69.73,1.0,False
Node019_Sybil00,1,4,5,0.02752,0.2,0.6,0.0,2.3219,4,24.02,1207.2,49.74,1.0,True
Node012_Sybil01,0,5,5,0.02387,0.2,0.2,0.2,2.3219,5,97.63,1092.6,65.2,1.0,True
Node039_Sybil00,1,4,4,0.00176,0.4,0.8,0.0,1.9219,5,122.97,832.0,63.25,1.0,True
Node036,4,1,3,0.0,0.6,0.0,0.0,1.371,5,188.77,1335.8,81.81,1.0,False
Node009_Sybil00,3,2,4,0.00083,0.4,0.4,0.4,1.9219,5,22.24,657.4,46.38,1.0,True
Node026,0,5,5,0.00071,0.2,0.0,0.2,2.3219,5,44.13,961.6,48.77,1.0,False
Node026,0,5,4,0.0005,0.4,0.4,0.2,1.9219,4,77.83,1138.8,54.66,1.0,False
Node016,2,3,4,0.00043,0.4,0.2,0.2,1.9219,5,96.21,992.0,69.24,1.0,False
Node029_Sybil00,1,4,4,0.0284,0.4,0.4,0.2,1.9219,4,76.99,1437.0,51.48,1.0,True
Node006,3,2,5,0.00086,0.2,0.2,0.2,2.3219,5,245.22,1131.0,75.48,1.0,False
Node012_Sybil01,3,2,4,0.00043,0.4,0.4,0.4,1.9219,5,86.11,904.4,53.66,1.0,True
Node036,5,0,5,0.0,0.2,0.0,0.4,2.3219,5,184.41,1313.8,86.07,1.0,False
Node006,2,3,4,0.03489,0.4,0.0,0.4,1.9219,5,163.51,924.0,69.95,1.0,False
Node016,5,0,5,0.0,0.2,0.2,0.2,2.3219,5,171.45,1071.6,87.4,1.0,False
Node016,4,1,5,0.0,0.2,0.4,0.2,2.3219,5,205.51,961.2,71.97,1.0,False
Node032_Sybil01,0,5,4,7e-05,0.4,0.8,0.0,1.9219,5,102.81,1177.2,66.97,1.0,True
Node022_Sybil01,1,4,4,0.02217,0.4,0.2,0.4,1.9219,5,76.19,1174.6,52.45,1.0,True
Node042_Sybil01,0,5,4,0.00121,0.4,0.4,0.2,1.9219,5,77.4,1502.2,61.45,1.0,True
Node029_Sybil00,5,0,4,0.0,0.4,0.6,0.0,1.9219,4,25.54,584.0,45.68,1.0,True
Node019_Sybil00,4,1,3,0.0,0.6,0.8,0.0,1.371,5,24.56,1233.4,49.8,1.0,True
Node039_Sybil00,0,5,4,0.00084,0.4,0.0,0.4,1.9219,5,113.64,1424.4,67.26,1.0,True
Node006,5,0,4,0.0,0.4,0.6,0.2,1.9219,5,173.87,1454.4,70.92,1.0,False
Node032_Sybil01,0,5,3,0.02843,0.4,0.8,0.0,1.5219,5,68.98,1030.0,50.04,1.0,True
Node016,0,5,4,0.00085,0.4,0.4,0.4,1.9219,5,72.46,1271.4,61.72,1.0,False
Node046,5,0,5,0.00039,0.2,0.4,0.2,2.3219,5,208.71,862.2,79.69,1.0,False
Node016,3,2,4,0.0,0.4,0.2,0.2,1.9219,5,168.16,1135.0,62.02,1.0,False
Node019_Sybil00,4,1,2,0.00083,0.8,0.8,0.0,0.7219,5,23.93,1276.6,45.66,1.0,True
Node016,5,0,4,0.0,0.4,0.0,0.2,1.9219,5,186.69,1222.4,71.3,1.0,False
Node032_Sybil01,2,3,4,0.00044,0.4,0.2,0.4,1.9219,5,30.05,953.8,50.93,1.0,True
Node036,3,2,5,0.00166,0.2,0.2,0.0,2.3219,5,177.17,1004.2,69.93,1.0,False
Node019_Sybil00,5,0,1,0.0,1.0,1.0,0.0,0.0,5,27.68,960.4,50.33,1.0,True
Node026,5,0,4,0.0,0.4,0.4,0.0,1.9219,5,185.5,967.4,80.6,1.0,False
Node006,2,3,5,0.02448,0.2,0.4,0.4,2.3219,5,118.57,874.2,69.68,1.0,False
Node046,0,5,3,0.00147,0.6,0.8,0.0,1.371,5,122.91,1271.8,66.12,1.0,False
Node049_Sybil00,0,5,3,0.00045,0.4,0.4,0.0,1.5219,5,77.9,1186.6,59.79,1.0,True
Node026,5,0,5,0.0,0.2,0.0,0.6,2.3219,5,220.92,805.0,79.82,1.0,False
Node026,0,5,4,0.00069,0.4,0.2,0.2,1.9219,5,47.57,944.4,44.05,1.0,False
Node009_Sybil00,5,0,3,0.0,0.4,0.0,0.4,1.5219,5,23.97,1166.0,45.91,1.0,True
Node046,0,5,4,0.00082,0.4,0.2,0.6,1.9219,5,128.43,1020.0,66.76,1.0,False
Node002_Sybil01,2,3,4,0.00041,0.4,0.4,0.0,1.9219,4,21.84,1136.0,52.85,1.0,True
Node006,4,1,4,0.00043,0.4,0.6,0.0,1.9219,5,179.0,514.4,70.26,1.0,False
Node016,5,0,4,0.0,0.4,0.0,0.2,1.9219,5,147.41,1003.8,75.54,1.0,False
Node042_Sybil01,5,0,3,0.0,0.4,0.6,0.0,1.5219,5,19.75,703.0,39.83,1.0,True
Node039_Sybil00,0,5,3,0.00052,0.4,0.0,0.4,1.5219,4,32.62,1078.8,59.87,1.0,True
Node042_Sybil01,3,2,4,0.02908,0.4,0.6,0.2,1.9219,5,66.79,813.2,60.64,1.0,True
Node016,5,0,5,0.0,0.2,0.0,0.0,2.3219,5,207.58,1059.0,77.28,1.0,False
Node039_Sybil00,1,4,4,0.02396,0.4,0.2,0.2,1.9219,5,49.92,865.2,50.58,1.0,True
Node039_Sybil00,2,3,4,0.00192,0.4,0.6,0.0,1.9219,5,74.09,1417.6,54.73,1.0,True
Node049_Sybil00,4,1,4,0.02411,0.4,0.2,0.2,1.9219,4,70.81,1035.4,50.82,1.0,True
Node029_Sybil00,3,2,4,0.00433,0.4,0.8,0.2,1.9219,3,34.24,1806.8,60.24,1.0,True
Node039_Sybil00,4,1,4,0.00039,0.4,0.4,0.0,1.9219,5,33.34,1241.0,42.04,1.0,True
Node026,0,5,4,0.02493,0.4,0.4,0.0,1.9219,5,102.29,1093.2,50.04,1.0,False
Node042_Sybil01,2,3,4,0.00083,0.4,0.6,0.2,1.9219,5,117.13,1434.0,60.22,1.0,True
Node012_Sybil01,4,1,3,0.00087,0.4,0.4,0.4,1.5219,5,37.45,860.4,37.14,1.0,True
Node006,5,0,5,0.0,0.2,0.4,0.0,2.3219,5,218.58,1284.8,77.43,1.0,False
Node009_Sybil00,5,0,3,0.0,0.6,0.0,0.2,1.371,5,24.19,1030.6,53.23,1.0,True
Node042_Sybil01,5,0,3,0.0,0.4,0.4,0.0,1.5219,5,24.67,955.4,44.57,1.0,True
Node016,0,5,5,0.00045,0.2,0.6,0.2,2.3219,5,58.69,1222.6,66.22,1.0,False
Node032_Sybil01,4,1,3,0.0,0.4,0.0,0.2,1.5219,5,32.62,1045.2,42.78,1.0,True
Node036,4,1,5,0.00043,0.2,0.2,0.0,2.3219,5,213.62,1282.6,68.24,1.0,False
Node046,0,5,3,0.02392,0.6,0.6,0.2,1.371,5,70.51,1302.8,60.1,1.0,False
Node046,1,4,4,0.02807,0.4,0.2,0.0,1.9219,4,101.87,1047.4,65.34,1.0,False
Node006,3,2,5,0.02864,0.2,0.4,0.2,2.3219,5,208.27,1403.4,75.8,1.0,False
Node039_Sybil00,2,3,5,0.02781,0.2,0.4,0.2,2.3219,5,81.92,1004.0,53.42,1.0,True
Node039_Sybil00,0,5,4,0.00083,0.4,0.6,0.0,1.9219,5,109.84,1093.0,64.91,1.0,True
Node016,3,2,4,0.00083,0.4,0.2,0.0,1.9219,5,97.82,1101.8,69.11,1.0,False
Node016,5,0,4,0.0,0.4,0.0,0.0,1.9219,5,267.73,1172.8,77.94,1.0,False
Node036,4,1,4,0.00177,0.4,0.2,0.0,1.9219,5,176.6,1266.2,77.75,1.0,False
Node002_Sybil01,5,0,2,0.0,0.8,0.8,0.0,0.7219,5,32.88,1377.6,49.79,1.0,True
Node039_Sybil00,0,5,5,0.0005,0.2,0.4,0.4,2.3219,5,65.99,1036.2,69.09,1.0,True
Node026,0,5,4,0.0005,0.4,0.0,0.8,1.9219,5,89.7,940.2,64.15,1.0,False
Node029_Sybil00,0,5,5,0.00111,0.2,0.0,0.6,2.3219,4,122.53,997.0,60.67,1.0,True
Node039_Sybil00,0,5,4,0.02397,0.4,0.6,0.2,1.9219,5,37.56,1143.2,54.51,1.0,True
Node036,1,4,4,0.00148,0.4,0.4,0.0,1.9219,5,125.99,1137.0,69.39,1.0,False
Node039_Sybil00,5,0,4,0.0,0.4,0.2,0.0,1.9219,5,30.47,1092.4,47.6,1.0,True
Node042_Sybil01,0,5,5,0.00232,0.2,0.4,0.0,2.3219,5,70.56,1202.0,55.45,1.0,True
Node036,5,0,5,0.0,0.2,0.4,0.4,2.3219,5,182.24,1011.8,87.53,1.0,False
Node046,0,5,3,0.00147,0.4,0.2,0.4,1.5219,5,41.8,1037.6,59.13,1.0,False
Node002_Sybil01,3,2,3,0.02653,0.6,0.6,0.2,1.371,5,54.23,763.4,62.9,1.0,True
Node046,0,5,4,0.00084,0.4,0.4,0.2,1.9219,5,100.98,1227.0,63.47,1.0,False
Node019_Sybil00,1,4,4,0.00105,0.4,0.4,0.2,1.9219,4,30.7,848.6,60.06,1.0,True
Node022_Sybil01,0,5,5,0.0235,0.2,0.4,0.4,2.3219,5,102.5,644.2,59.87,1.0,True
Node006,1,4,5,0.00052,0.2,0.6,0.2,2.3219,5,121.93,1318.2,72.85,1.0,False
Node016,5,0,4,0.0,0.4,0.6,0.0,1.9219,5,240.09,1174.6,80.34,1.0,False
Node036,0,5,4,0.03154,0.4,0.4,0.0,1.9219,5,58.0,940.4,59.71,1.0,False
Node016,5,0,5,0.0,0.2,0.4,0.0,2.3219,5,179.67,649.6,82.04,1.0,False
Node036,5,0,4,0.0,0.4,0.4,0.2,1.9219,5,195.23,1164.4,76.57,1.0,False
Node036,0,5,4,0.00071,0.4,0.0,0.0,1.9219,5,72.7,1278.6,46.9,1.0,False
Node036,3,2,4,0.0,0.4,0.4,0.4,1.9219,5,99.99,966.2,65.85,1.0,False
Node012_Sybil01,0,5,4,0.0013,0.4,0.2,0.2,1.9219,5,190.93,1295.4,74.24,1.0,True
Node016,5,0,4,0.0,0.4,0.2,0.2,1.9219,5,178.96,1212.4,76.7,1.0,False
Node036,2,3,4,0.00042,0.4,0.4,0.0,1.9219,5,127.42,1313.2,61.47,1.0,False
Node032_Sybil01,0,5,4,0.00113,0.4,0.2,0.6,1.9219,5,58.73,978.2,52.34,1.0,True
Node046,3,2,4,0.00051,0.4,0.2,0.0,1.9219,5,165.78,1340.4,62.03,1.0,False
Node002_Sybil01,5,0,2,0.0,0.6,0.6,0.4,0.971,5,29.93,1330.4,56.23,1.0,True
Node016,5,0,3,0.0,0.6,0.0,0.0,1.371,5,244.68,1321.0,80.17,1.0,False
Node012_Sybil01,5,0,3,0.0,0.4,0.4,0.4,1.5219,4,27.91,1253.0,53.6,1.0,True
Node039_Sybil00,0,5,5,0.0015,0.2,0.2,0.4,2.3219,5,153.85,1325.2,64.84,1.0,True
Node009_Sybil00,1,4,5,0.00043,0.2,0.4,0.4,2.3219,5,121.49,1008.2,61.69,1.0,True
Node026,2,3,4,0.00129,0.4,0.4,0.2,1.9219,5,122.34,1172.2,72.48,1.0,False
Node049_Sybil00,5,0,4,0.0,0.4,0.4,0.0,1.9219,5,32.07,1378.0,55.51,1.0,True
Node002_Sybil01,5,0,2,0.0,0.8,0.8,0.0,0.7219,5,26.85,725.2,60.27,1.0,True
Node026,0,5,4,0.00043,0.4,0.0,0.0,1.9219,4,135.49,917.0,78.28,1.0,False
Node036,5,0,4,0.0,0.4,0.4,0.0,1.9219,5,189.18,520.6,79.88,1.0,False
Node009_Sybil00,5,0,3,0.0,0.6,0.0,0.2,1.371,4,30.71,862.2,43.26,1.0,True
Node009_Sybil00,2,3,4,0.02538,0.4,0.2,0.2,1.9219,5,27.22,1214.2,56.0,1.0,True
Node029_Sybil00,5,0,4,0.0,0.4,0.4,0.0,1.9219,4,25.16,1266.8,52.94,1.0,True
Node002_Sybil01,1,4,3,0.00019,0.6,0.6,0.4,1.371,5,91.55,1338.6,57.9,1.0,True
Node042_Sybil01,4,1,3,0.00087,0.4,0.0,0.0,1.5219,5,30.01,781.4,55.84,1.0,True
Node022_Sybil01,0,5,3,0.02454,0.6,0.0,0.0,1.371,5,74.02,1031.4,54.39,1.0,True
Node046,0,5,4,0.00112,0.4,0.4,0.2,1.9219,5,97.11,1354.2,68.91,1.0,False
Node009_Sybil00,5,0,3,0.0,0.6,0.0,0.2,1.371,5,32.38,1105.2,45.4,1.0,True
Node006,0,5,4,0.0013,0.4,0.2,0.2,1.9219,5,41.96,828.6,50.43,1.0,False
Node049_Sybil00,5,0,4,0.0,0.4,0.4,0.0,1.9219,5,28.8,748.8,45.73,1.0,True
Node002_Sybil01,3,2,3,0.02443,0.6,0.8,0.0,1.371,5,43.5,803.4,56.07,1.0,True
Node016,2,3,4,0.02715,0.4,0.2,0.6,1.9219,5,132.86,622.4,67.63,1.0,False
Node049_Sybil00,5,0,3,0.0,0.4,0.4,0.0,1.5219,5,22.22,1036.6,45.37,1.0,True
Node039_Sybil00,1,4,3,0.02813,0.4,0.4,0.0,1.5219,5,68.79,843.2,55.44,1.0,True
Node049_Sybil00,5,0,4,0.0,0.4,0.8,0.0,1.9219,5,24.18,1206.0,52.56,1.0,True
Node022_Sybil01,1,4,4,0.00043,0.4,0.4,0.0,1.9219,5,39.71,694.6,54.9,1.0,True
Node029_Sybil00,0,5,3,0.02551,0.6,0.8,0.0,1.371,4,31.38,975.4,55.0,1.0,True
Node042_Sybil01,0,5,5,3e-05,0.2,0.2,0.2,2.3219,5,51.39,994.8,59.47,1.0,True
Node029_Sybil00,5,0,4,0.0,0.4,0.8,0.0,1.9219,5,21.9,1258.6,58.77,1.0,True
Node012_Sybil01,2,3,5,0.02914,0.2,0.2,0.2,2.3219,5,61.13,1178.6,56.39,1.0,True
Node009_Sybil00,5,0,2,0.0,0.6,0.0,0.4,0.971,5,24.56,959.6,46.82,1.0,True
Node036,5,0,4,0.0,0.4,0.0,0.6,1.9219,5,206.41,1321.2,84.18,1.0,False
Node009_Sybil00,3,2,4,0.00164,0.4,0.2,0.2,1.9219,5,73.97,1047.4,50.61,1.0,True
Node032_Sybil01,0,5,5,0.00043,0.2,0.2,0.4,2.3219,5,84.7,904.8,60.23,1.0,True
Node029_Sybil00,4,1,4,0.0,0.4,0.2,0.0,1.9219,5,32.43,1312.4,51.03,1.0,True
Node006,0,5,4,0.00176,0.4,0.6,0.4,1.9219,5,73.81,1033.6,56.23,1.0,False
Node022_Sybil01,0,5,3,0.00083,0.6,0.2,0.0,1.371,5,78.31,961.4,61.14,1.0,True
Node042_Sybil01,3,2,5,0.00178,0.2,0.4,0.2,2.3219,5,75.14,1197.4,54.68,1.0,True
Node016,0,5,3,0.0,0.6,0.8,0.2,1.371,5,71.24,1136.6,66.11,1.0,False
Node026,5,0,4,0.0,0.4,0.6,0.0,1.9219,5,229.03,1244.4,83.64,1.0,False
Node016,3,2,5,0.00043,0.2,0.2,0.4,2.3219,5,178.58,1172.0,77.69,1.0,False
Node042_Sybil01,5,0,4,0.0,0.4,0.6,0.0,1.9219,5,16.34,983.2,44.18,1.0,True
Node039_Sybil00,1,4,5,0.00051,0.2,0.6,0.0,2.3219,5,86.26,1652.2,61.63,1.0,True
Node026,3,2,3,0.00043,0.4,0.0,0.6,1.5219,4,127.23,1175.2,61.83,1.0,False
Node009_Sybil00,4,1,3,0.00128,0.6,0.0,0.2,1.371,5,67.88,929.6,53.03,1.0,True
Node039_Sybil00,5,0,4,0.0,0.4,0.2,0.0,1.9219,5,17.35,1183.6,50.94,1.0,True
Node046,5,0,5,0.0,0.2,0.2,0.4,2.3219,5,214.99,1212.2,75.38,1.0,False
Node042_Sybil01,4,1,4,0.0,0.4,0.6,0.0,1.9219,5,24.03,1035.4,55.51,1.0,True
Node046,5,0,4,0.0,0.4,0.4,0.4,1.9219,5,219.81,801.4,73.78,1.0,False
Node026,3,2,4,0.00122,0.4,0.2,0.2,1.9219,4,140.56,547.0,75.34,1.0,False
Node026,4,1,5,0.0,0.2,0.0,0.0,2.3219,5,179.98,1592.2,74.31,1.0,False
Node016,0,5,5,0.00071,0.2,0.4,0.4,2.3219,5,152.8,1211.4,70.89,1.0,False
Node006,5,0,4,0.0,0.4,0.2,0.4,1.9219,5,234.88,1103.8,73.96,1.0,False
Node032_Sybil01,1,4,4,0.02698,0.4,0.2,0.6,1.9219,5,70.77,975.8,61.48,1.0,True
Node006,5,0,5,0.0,0.2,0.4,0.2,2.3219,5,201.13,1560.4,77.75,1.0,False
Node046,2,3,4,0.00051,0.4,0.0,0.6,1.9219,5,98.64,885.4,63.4,1.0,False
Node036,2,3,4,0.0,0.4,0.6,0.0,1.9219,5,132.69,1087.8,67.03,1.0,False
Node009_Sybil00,3,2,4,0.001,0.4,0.2,0.4,1.9219,5,56.45,703.2,67.48,1.0,True
Node006,1,4,4,0.00086,0.4,0.2,0.2,1.9219,5,107.37,1237.4,59.12,1.0,False
Node026,1,4,5,0.00109,0.2,0.0,0.4,2.3219,4,100.05,1134.4,73.46,1.0,False
Node002_Sybil01,0,5,5,0.00253,0.2,0.2,0.2,2.3219,5,70.57,1002.6,64.58,1.0,True
Node009_Sybil00,0,5,3,0.02732,0.6,0.6,0.0,1.371,5,134.92,1211.2,60.45,1.0,True
Node006,1,4,4,0.00082,0.4,0.2,0.2,1.9219,4,121.65,892.4,68.39,1.0,False
Node036,0,5,4,0.02793,0.4,0.2,0.0,1.9219,5,85.37,781.4,52.03,1.0,False
Node029_Sybil00,5,0,5,0.0,0.2,0.6,0.0,2.3219,5,33.21,1338.0,57.43,1.0,True
Node032_Sybil01,1,4,3,0.02479,0.4,0.6,0.0,1.5219,5,38.86,986.2,55.57,1.0,True
Node046,2,3,5,0.0,0.2,0.0,0.0,2.3219,4,145.57,1255.0,74.72,1.0,False
Node046,5,0,4,0.0,0.4,0.4,0.4,1.9219,5,233.46,1011.8,65.01,1.0,False
Node036,1,4,5,0.00131,0.2,0.2,0.2,2.3219,5,76.12,1264.4,51.85,1.0,False
Node016,0,5,5,0.00047,0.2,0.4,0.6,2.3219,5,110.49,1259.6,57.77,1.0,False
Node032_Sybil01,2,3,4,0.00043,0.4,0.2,0.2,1.9219,5,96.8,1153.4,65.98,1.0,True
Node022_Sybil01,5,0,3,0.0,0.6,0.0,0.2,1.371,5,30.52,1024.2,45.15,1.0,True
Node009_Sybil00,0,5,5,0.02232,0.2,0.4,0.2,2.3219,5,45.06,1530.2,60.64,1.0,True
Node036,1,4,4,0.00196,0.4,0.2,0.2,1.9219,5,112.08,1127.2,61.94,1.0,False
Node029_Sybil00,5,0,5,0.00065,0.2,0.6,0.0,2.3219,5,31.05,1135.2,47.56,1.0,True
Node002_Sybil01,5,0,2,0.0,0.6,0.6,0.0,0.971,5,20.49,1011.2,44.72,1.0,True
Node009_Sybil00,5,0,2,0.0,0.6,0.0,0.4,0.971,5,39.62,1386.6,49.4,1.0,True
Node046,5,0,5,0.0,0.2,0.2,0.2,2.3219,5,195.35,1288.0,83.74,1.0,False
Node042_Sybil01,2,3,5,0.02488,0.2,0.2,0.2,2.3219,5,68.3,1441.8,45.4,1.0,True
Node039_Sybil00,0,5,5,0.026,0.2,0.2,0.2,2.3219,5,148.26,318.0,75.82,1.0,True
Node006,5,0,3,0.0,0.6,0.4,0.6,1.371,5,222.01,1302.0,76.47,1.0,False
Node006,5,0,3,0.0,0.6,0.0,0.2,1.371,5,208.0,1055.8,81.33,1.0,False
Node026,0,5,5,0.00083,0.2,0.4,0.0,2.3219,5,102.37,1060.6,72.25,1.0,False
Node016,1,4,3,0.02292,0.4,0.8,0.0,1.5219,5,107.67,1531.2,58.95,1.0,False
Node012_Sybil01,0,5,5,0.00071,0.2,0.0,0.4,2.3219,5,111.41,862.6,64.9,1.0,True
Node006,4,1,5,0.0004,0.2,0.4,0.2,2.3219,5,184.41,1162.2,76.29,1.0,False
Node022_Sybil01,4,1,3,0.0013,0.4,0.0,0.4,1.5219,5,33.12,1425.2,51.56,1.0,True
Node039_Sybil00,4,1,3,0.0,0.6,0.8,0.0,1.371,5,49.56,1199.8,47.84,1.0,True
Node046,1,4,3,0.02668,0.4,0.0,0.2,1.5219,5,116.96,1337.4,66.34,1.0,False
Node002_Sybil01,5,0,3,0.0,0.6,0.6,0.2,1.371,5,28.0,1284.6,50.19,1.0,True
Node026,3,2,3,0.00165,0.4,0.4,0.0,1.5219,5,107.95,1421.6,68.24,1.0,False
Node046,5,0,5,0.0,0.2,0.2,0.2,2.3219,5,192.2,1293.2,90.58,1.0,False
Node006,5,0,4,0.0,0.4,0.0,0.0,1.9219,5,191.22,1330.2,81.92,1.0,False
Node049_Sybil00,0,5,5,0.00071,0.2,0.6,0.2,2.3219,5,76.5,1184.0,56.59,1.0,True
Node012_Sybil01,5,0,2,0.0,0.8,0.8,0.2,0.7219,5,21.36,1034.4,46.89,1.0,True
Node032_Sybil01,1,4,3,0.0015,0.6,0.0,0.2,1.371,5,123.14,1108.4,63.11,1.0,True
Node016,5,0,5,0.0,0.2,0.4,0.2,2.3219,5,210.23,889.2,83.75,1.0,False
Node032_Sybil01,0,5,3,0.0,0.6,0.0,0.6,1.371,5,75.83,1075.8,61.99,1.0,True
Node016,0,5,4,0.03245,0.4,0.2,0.4,1.9219,5,127.51,1024.8,71.02,1.0,False
Node009_Sybil00,5,0,2,0.0,0.8,0.0,0.0,0.7219,5,33.02,1138.8,46.81,1.0,True
Node016,2,3,5,0.00083,0.2,0.0,0.2,2.3219,5,174.66,1231.6,79.42,1.0,False
Node049_Sybil00,5,0,4,0.0,0.4,0.4,0.0,1.9219,5,17.66,1449.2,48.66,1.0,True
Node016,3,2,4,0.00043,0.4,0.0,0.2,1.9219,5,195.92,1335.2,73.15,1.0,False
Node046,0,5,4,0.00092,0.4,0.0,0.2,1.9219,5,36.17,1280.4,47.13,1.0,False
Node016,0,5,4,0.00052,0.4,0.2,0.2,1.9219,4,24.67,1090.6,48.68,1.0,False
Node049_Sybil00,2,3,4,0.02681,0.4,0.6,0.0,1.9219,5,62.76,1053.0,58.77,1.0,True
Node012_Sybil01,5,0,2,0.0,0.6,0.4,0.6,0.971,5,21.31,1156.8,50.83,1.0,True
Node016,0,5,3,0.02571,0.4,0.2,0.4,1.5219,5,121.17,1266.0,64.76,1.0,False
Node009_Sybil00,0,5,4,0.0242,0.4,0.6,0.2,1.9219,5,29.5,1224.4,43.02,1.0,True
Node029_Sybil00,1,4,3,0.02412,0.6,0.6,0.0,1.371,5,79.62,1351.0,48.76,1.0,True
Node016,5,0,5,0.0,0.2,0.0,0.6,2.3219,5,174.98,998.4,76.51,1.0,False
Node016,5,0,5,0.0,0.2,0.2,0.0,2.3219,5,235.06,1127.0,76.3,1.0,False
Node009_Sybil00,5,0,3,0.0,0.4,0.0,0.4,1.5219,4,21.13,989.6,46.31,1.0,True
Node012_Sybil01,5,0,3,0.0,0.4,0.4,0.4,1.5219,5,25.3,1072.4,54.8,1.0,True
Node026,0,5,4,0.00153,0.4,0.0,0.2,1.9219,5,19.47,822.8,48.51,1.0,False
Node009_Sybil00,4,1,3,0.00042,0.4,0.2,0.4,1.5219,5,25.51,1102.0,56.2,1.0,True
Node022_Sybil01,1,4,5,0.00044,0.2,0.4,0.2,2.3219,5,127.07,1341.8,69.45,1.0,True
Node002_Sybil01,0,5,4,0.0008,0.4,0.4,0.0,1.9219,5,49.42,639.6,58.68,1.0,True
Node036,0,5,4,0.02703,0.4,0.2,0.2,1.9219,5,107.25,904.6,54.12,1.0,False
Node036,2,3,3,0.00083,0.4,0.4,0.0,1.5219,5,99.05,1003.2,66.84,1.0,False
Node046,4,1,5,0.00087,0.2,0.2,0.0,2.3219,5,204.04,658.0,76.7,1.0,False
Node006,2,3,5,0.00071,0.2,0.4,0.2,2.3219,5,135.26,1357.4,57.45,1.0,False
Node042_Sybil01,0,5,4,0.0,0.4,0.2,0.0,1.9219,5,69.87,716.0,59.69,1.0,True
Node019_Sybil00,1,4,2,0.0006,0.8,0.8,0.0,0.7219,5,59.61,873.8,59.5,1.0,True
Node032_Sybil01,0,5,4,0.02593,0.4,0.6,0.0,1.9219,5,29.31,1349.2,52.93,1.0,True
Node049_Sybil00,1,4,5,0.02365,0.2,0.4,0.0,2.3219,5,20.82,1239.4,50.77,1.0,True
Node036,5,0,4,0.0,0.4,0.2,0.0,1.9219,5,190.79,729.4,80.9,1.0,False
Node049_Sybil00,0,5,4,0.00203,0.4,0.6,0.2,1.9219,5,30.6,1371.0,54.93,1.0,True
Node046,5,0,4,0.0,0.4,0.0,0.4,1.9219,4,169.56,1193.0,80.95,1.0,False
Node039_Sybil00,4,1,4,0.00083,0.4,0.2,0.0,1.9219,5,21.62,1157.2,60.49,1.0,True
Node012_Sybil01,4,1,3,0.0,0.6,0.6,0.2,1.371,5,48.63,1212.4,60.53,1.0,True
Node026,5,0,4,0.0,0.4,0.0,0.2,1.9219,5,169.93,1382.2,79.19,1.0,False
Node016,0,5,3,0.00109,0.4,0.2,0.4,1.5219,5,34.51,814.8,47.12,1.0,False
Node036,0,5,5,0.027,0.2,0.4,0.2,2.3219,5,155.06,1371.6,62.14,1.0,False
Node046,2,3,4,0.0241,0.4,0.2,0.4,1.9219,5,111.46,1324.0,67.5,1.0,False
Node006,5,0,4,0.0,0.4,0.4,0.2,1.9219,5,193.15,1291.8,81.25,1.0,False
Node029_Sybil00,0,5,5,0.0005,0.2,0.2,0.4,2.3219,4,117.01,1257.0,71.65,1.0,True
Node032_Sybil01,0,5,4,0.0,0.4,0.4,0.0,1.9219,5,107.19,876.8,64.56,1.0,True
Node049_Sybil00,2,3,3,0.02399,0.4,0.6,0.0,1.5219,5,31.88,1139.4,44.92,1.0,True
Node049_Sybil00,0,5,4,0.00193,0.4,0.2,0.6,1.9219,5,101.16,1139.6,63.5,1.0,True
Node002_Sybil01,4,1,2,0.03474,0.8,0.8,0.0,0.7219,4,21.48,724.6,50.91,1.0,True
Node002_Sybil01,5,0,3,0.0,0.6,0.6,0.2,1.371,5,32.45,1166.2,43.14,1.0,True
Node046,3,2,4,0.00129,0.4,0.2,0.2,1.9219,5,151.78,687.6,58.07,1.0,False
Node046,5,0,4,0.0,0.4,0.0,0.6,1.9219,5,206.44,1357.4,80.25,1.0,False
Node036,5,0,5,0.0,0.2,0.0,0.2,2.3219,4,234.75,1120.0,82.35,1.0,False
Node026,0,5,4,0.00086,0.4,0.6,0.2,1.9219,5,91.71,1638.4,58.45,1.0,False
Node009_Sybil00,5,0,2,0.0,0.6,0.0,0.4,0.971,5,31.64,1196.2,45.73,1.0,True
Node039_Sybil00,0,5,4,0.00073,0.4,0.2,0.4,1.9219,5,91.92,979.2,51.76,1.0,True
Node049_Sybil00,5,0,4,0.0,0.4,0.2,0.0,1.9219,5,31.45,1058.8,54.99,1.0,True
Node036,5,0,5,0.0,0.2,0.2,0.4,2.3219,5,158.19,996.6,75.45,1.0,False
Node036,1,4,4,0.02915,0.4,0.2,0.2,1.9219,4,68.92,1254.0,74.25,1.0,False
Node019_Sybil00,5,0,2,0.0,0.8,0.8,0.0,0.7219,5,30.04,1100.6,52.55,1.0,True
Node032_Sybil01,5,0,3,0.0,0.4,0.0,0.4,1.5219,5,38.76,804.4,52.27,1.0,True
Node049_Sybil00,2,3,5,0.03394,0.2,0.4,0.0,2.3219,5,31.52,840.4,43.78,1.0,True
Node032_Sybil01,4,1,4,0.0,0.4,0.0,0.4,1.9219,5,57.3,1072.8,57.78,1.0,True
Node002_Sybil01,3,2,4,0.02495,0.4,0.6,0.2,1.9219,5,22.9,740.6,45.44,1.0,True
Node006,4,1,4,0.0007,0.4,0.0,0.4,1.9219,5,145.38,1277.8,85.22,1.0,False
Node036,0,5,4,0.00122,0.4,0.2,0.2,1.9219,5,66.87,1503.0,51.88,1.0,False
Node036,5,0,4,0.0,0.4,0.0,0.4,1.9219,5,204.03,1253.4,85.54,1.0,False
Node039_Sybil00,5,0,4,0.0,0.4,0.6,0.0,1.9219,5,32.41,1277.4,46.76,1.0,True
Node016,0,5,5,0.02603,0.2,0.2,0.4,2.3219,5,86.33,1052.4,67.65,1.0,False
Node046,1,4,4,1e-05,0.4,0.2,0.2,1.9219,5,70.41,900.0,53.42,1.0,False
Node042_Sybil01,1,4,5,0.00113,0.2,0.4,0.2,2.3219,5,102.83,702.8,55.56,1.0,True
Node026,4,1,4,0.00044,0.4,0.0,0.6,1.9219,5,195.73,1314.6,70.88,1.0,False
Node012_Sybil01,1,4,5,0.02567,0.2,0.6,0.0,2.3219,5,54.36,783.6,58.11,1.0,True
Node026,0,5,4,0.0,0.4,0.2,0.2,1.9219,5,101.48,971.6,64.11,1.0,False
Node009_Sybil00,0,5,4,0.00145,0.4,0.2,0.0,1.9219,5,77.91,1152.8,55.26,1.0,True
Node022_Sybil01,5,0,3,0.0,0.4,0.0,0.2,1.5219,5,26.08,722.4,41.36,1.0,True
Node046,0,5,4,0.001,0.4,0.0,0.0,1.9219,5,51.32,1318.8,45.31,1.0,False
Node006,5,0,5,0.0,0.2,0.2,0.2,2.3219,5,170.61,1241.0,73.38,1.0,False
Node032_Sybil01,5,0,2,0.0,0.6,0.0,0.4,0.971,5,28.21,1244.0,50.34,1.0,True
Node042_Sybil01,0,5,4,0.00071,0.4,0.0,0.0,1.9219,5,198.25,990.6,86.69,1.0,True
Node016,5,0,5,0.0,0.2,0.2,0.2,2.3219,5,179.45,1136.6,75.04,1.0,False
Node039_Sybil00,2,3,4,0.02865,0.4,0.6,0.0,1.9219,5,24.34,887.6,54.46,1.0,True
Node026,5,0,5,0.0,0.2,0.4,0.2,2.3219,5,214.25,1232.4,84.81,1.0,False
Node006,0,5,4,0.00183,0.4,0.4,0.0,1.9219,3,28.96,984.0,49.61,1.0,False
Node012_Sybil01,5,0,3,0.0,0.6,0.6,0.2,1.371,5,22.24,1106.0,52.93,1.0,True
Node009_Sybil00,5,0,3,0.00043,0.6,0.0,0.2,1.371,5,18.75,1422.8,59.39,1.0,True
Node042_Sybil01,0,5,4,0.00043,0.4,0.4,0.2,1.9219,4,69.95,1118.6,47.54,1.0,True
Node002_Sybil01,2,3,4,0.00045,0.4,0.6,0.4,1.9219,5,19.66,1275.0,46.48,1.0,True
Node016,2,3,4,0.00043,0.4,0.4,0.0,1.9219,5,81.63,1135.6,63.7,1.0,False
Node026,0,5,5,0.02424,0.2,0.2,0.4,2.3219,5,98.43,1044.6,72.63,1.0,False
Node039_Sybil00,1,4,5,0.00272,0.2,0.4,0.0,2.3219,5,59.95,970.6,62.87,1.0,True
Node029_Sybil00,5,0,5,0.0,0.2,0.6,0.0,2.3219,5,34.41,1542.8,57.55,1.0,True
Node032_Sybil01,2,3,4,0.00123,0.4,0.2,0.0,1.9219,5,46.32,1339.6,65.39,1.0,True
Node032_Sybil01,5,0,3,0.0,0.6,0.0,0.2,1.371,5,35.8,1082.2,52.55,1.0,True
Node016,2,3,2,0.00043,0.6,0.6,0.0,0.971,5,108.58,877.6,66.25,1.0,False
Node026,0,5,5,0.02595,0.2,0.4,0.0,2.3219,4,204.28,976.6,77.14,1.0,False
Node036,3,2,4,0.02757,0.4,0.0,0.8,1.9219,5,137.14,968.8,69.15,1.0,False
Node022_Sybil01,0,5,4,0.0005,0.4,0.2,0.2,1.9219,5,105.34,960.2,73.8,1.0,True
Node042_Sybil01,0,5,3,0.03936,0.4,0.4,0.0,1.5219,5,49.82,957.0,56.53,1.0,True
Node046,3,2,3,0.0,0.6,0.2,0.6,1.371,5,175.41,1059.6,74.4,1.0,False
Node036,0,5,4,0.00048,0.4,0.0,0.2,1.9219,5,89.65,1272.0,60.02,1.0,False
Node016,0,5,5,0.02281,0.2,0.2,0.2,2.3219,5,67.12,1053.8,49.14,1.0,False
Node046,5,0,5,0.0,0.2,0.0,0.2,2.3219,5,174.35,1156.4,83.9,1.0,False
Node046,0,5,5,0.00109,0.2,0.4,0.2,2.3219,4,76.56,779.6,66.63,1.0,False
Node029_Sybil00,0,5,4,0.00043,0.4,0.2,0.2,1.9219,5,17.37,1459.4,47.6,1.0,True
Node036,0,5,4,0.02667,0.4,0.2,0.2,1.9219,5,140.16,1250.8,67.85,1.0,False
Node046,4,1,5,0.02741,0.2,0.4,0.4,2.3219,5,173.6,1166.0,73.76,1.0,False
Node006,0,5,4,0.00052,0.4,0.6,0.0,1.9219,5,78.53,1215.4,60.33,1.0,False
Node022_Sybil01,5,0,2,0.0,0.6,0.0,0.0,0.971,5,18.93,1037.0,48.68,1.0,True
Node009_Sybil00,0,5,3,0.00085,0.6,0.4,0.6,1.371,5,101.12,933.6,58.16,1.0,True
Node006,1,4,5,0.02727,0.2,0.4,0.2,2.3219,5,144.23,1129.2,64.63,1.0,False
Node016,0,5,4,0.00128,0.4,0.8,0.0,1.9219,5,80.8,1409.0,51.61,1.0,False
Node046,4,1,3,0.00044,0.6,0.2,0.0,1.371,5,148.39,1418.8,77.68,1.0,False
Node036,0,5,5,0.0241,0.2,0.4,0.0,2.3219,5,57.12,1176.0,60.27,1.0,False
Node016,1,4,4,0.02283,0.4,0.6,0.2,1.9219,5,110.34,1368.4,67.63,1.0,False
Node019_Sybil00,0,5,4,0.0248,0.4,0.4,0.2,1.9219,5,65.89,1160.6,64.43,1.0,True
Node026,5,0,4,0.0,0.4,0.6,0.2,1.9219,5,161.71,911.2,79.83,1.0,False
Node049_Sybil00,5,0,3,0.0,0.6,0.8,0.0,1.371,5,19.61,1173.4,46.51,1.0,True
Node029_Sybil00,0,5,4,0.02451,0.4,0.2,0.0,1.9219,5,130.34,1110.6,74.36,1.0,True
Node016,1,4,4,0.00042,0.4,0.6,0.0,1.9219,5,139.37,787.0,61.3,1.0,False
Node026,2,3,4,0.00043,0.4,0.6,0.0,1.9219,5,126.71,1618.2,72.99,1.0,False
Node049_Sybil00,3,2,4,0.0013,0.4,0.2,0.0,1.9219,5,87.77,1451.0,67.1,1.0,True
Node036,5,0,4,0.0,0.4,0.0,0.4,1.9219,5,213.47,783.8,80.81,1.0,False
Node006,2,3,4,0.00053,0.4,0.2,0.2,1.9219,5,92.83,1097.2,57.18,1.0,False
Node006,5,0,3,0.0,0.4,0.2,0.4,1.5219,5,231.17,1187.6,80.56,1.0,False
Node012_Sybil01,3,2,3,0.02953,0.6,0.8,0.0,1.371,5,27.71,1214.4,58.66,1.0,True
Node016,5,0,3,0.0,0.4,0.8,0.0,1.5219,5,216.66,1252.6,84.99,1.0,False
Node026,0,5,5,0.02246,0.2,0.2,0.4,2.3219,5,128.84,1321.2,65.66,1.0,False
Node039_Sybil00,5,0,3,0.0,0.4,0.4,0.0,1.5219,5,34.13,925.4,45.75,1.0,True
Node049_Sybil00,4,1,4,0.00087,0.4,0.2,0.0,1.9219,5,28.02,1052.2,40.14,1.0,True
Node049_Sybil00,3,2,3,0.00088,0.4,0.2,0.0,1.5219,5,25.07,946.0,53.91,1.0,True
Node029_Sybil00,5,0,4,0.0,0.4,0.6,0.0,1.9219,5,16.7,662.2,52.62,1.0,True
Node046,0,5,4,0.0,0.4,0.2,0.0,1.9219,5,87.81,1234.0,58.97,1.0,False
Node036,3,2,5,0.00165,0.2,0.4,0.4,2.3219,5,129.67,795.8,63.78,1.0,False
Node026,0,5,4,0.02604,0.4,0.2,0.0,1.9219,5,120.48,1325.2,63.43,1.0,False
Node032_Sybil01,3,2,4,0.00086,0.4,0.4,0.2,1.9219,5,28.3,897.6,46.99,1.0,True
Node039_Sybil00,1,4,3,0.02724,0.4,0.6,0.0,1.5219,5,99.12,1097.8,60.71,1.0,True
Node009_Sybil00,0,5,5,0.00118,0.2,0.4,0.4,2.3219,5,41.32,835.6,58.27,1.0,True
Node039_Sybil00,4,1,5,0.0,0.2,0.6,0.0,2.3219,5,71.04,1137.2,50.41,1.0,True
Node029_Sybil00,2,3,3,0.03083,0.6,0.6,0.0,1.371,5,45.0,1237.6,59.51,1.0,True
